writer_name,unique_article_count
הארץ,5088
ניו יורק טיימס,2354
ספורט הארץ,2179
עוזי דן,1500
רויטרס,1465
יניב קובוביץ,1402
ג'קי חורי,1382
בר פלג,1332
יהונתן ליס,1267
יהושע (ג'וש) בריינר,1211
נעה שפיגל,1037
שף אורח,1008
חן מענית,974
גרדיאן,962
אי־פי,884
אריה ליבנת,813
עדי חשמונאי,794
עופר אדרת,785
יעל פרידסון,752
אמיר ענבר,718
עידו רקובסקי,695
מאמר המערכת,664
"כתבי ""הארץ""",644
הגר שיזף,632
יפעת ראובן,622
חדשות היום,618
ניר חסון,608
עמוס הראל,604
ליאור דטל,601
דניאל שמיל,598
מיכאל האוזר טוב,573
לימור לניאדו תירוש,564
גילי איזיקוביץ,546
רן שמעוני,545
"כתבי ""ספורט הארץ""",533
אבי בר-אלי,530
שירה נאות,480
יאן מלניקוב,479
הדר קנה,479
אמיר תיבון,478
רותם מימון,471
בן שלו,471
אי-פי,456
בן סמואלס,452
רוגל אלפר,418
איתי לארי,412
יסמין לוי,407
צבי בראל,369
נעמה ריבה,368
עידו דוד כהן,363
שירה קדרי־עובדיה,359
מורן שריר,354
חגי חיטרון,350
עדן סולומון,347
ליזה רוזובסקי,345
דורעם גונט,322
עמוס בידרמן,321
איתמר זהר,314
רותם שטרקמן,314
נירית אנדרמן,313
עידו אפרתי,313
נתנאל שלומוביץ,302
אופיר חובב,273
טלי חרותי-סובר,267
חן חדד,253
מתן שופן,251
דיאא חאג׳ יחיא,249
יוסי ורטר,248
אורון שמיר,247
מירב ארלוזורוב,245
משה גלעד,242
ערן וולקובסקי,239
אלון עידן,230
נתי טוקר,229
גדעון לב,229
מיכל רוזנבך,223
אהרן רבינוביץ,221
מוסף הארץ,221
איתן לשם,214
רוית הכט,207
יוענה גונן,203
רוני קשמין,199
אמיר מנדל,192
שירין פלאח סעב,189
שני ליטמן,184
דוד שושן,184
רוני לינדר,176
רחל טלשיר,174
שירה קדרי-עובדיה,161
מיכל וקסמן,158
שפית אורחת,152
נירה רוסו,147
צפריר רינת,144
סמי פרץ,143
נתי יפת,141
נורית פלד,137
חיים לוינסון,132
הדיי עפאים,129
גידי וייץ,129
ניב הדס,128
רונית ורד,127
חגי עמית,127
עפרי אילני,125
ערן לאור,125
פאדי אמון,124
יוסי מלמן,124
שי פוגלמן,119
האתלטיק,119
ינאי יחיאל,119
אבי פיטשון,118
ישראל שרנצל,116
שגיא כהן,115
שקד בשן,114
"כתבי ספורט ""הארץ""",113
אמנון בירמן,113
גדעון לוי,113
ניסן שור,111
אילנה זפרן,111
ועדת המדרוג,111
אורה קורן,110
חשיפה,110
עמליה רוזנבלום,110
גלעד מלצר,110
אברהם בלבן,110
אור קשתי,109
פבלו אוטין,109
דיאא חאג' יחיא,107
אורלי וילנאי,106
עמירה הס,106
תומר חרוב,105
רונן טל,104
ננו שבתאי,103
עדי כהן,100
דנה פרנק,100
עודד ירון,100
"פני הארץ
צפריר רינת",99
איתי גודר,99
ד־פ־א,99
"חיים בשוליים
אורלי וילנאי",98
אלי דהאן,97
גליה רזניק,97
מכון ון ליר,96
עירד צפריר,94
קונדיטורית אורחת,93
עומר בן יעקב,92
ניר צדוק,92
נטע אחיטוב,92
אלכס ליבק,90
נועה אפשטיין,90
עוזי צור,86
TheMarker,85
מכון מיתווים - מדיניות החוץ האזורית של ישראל,83
אנשיל פפר,82
עכבר העיר,82
אלכס אפשטיין,82
נעם בן זאב,81
אלעד זאבי,81
מרדכי קרמניצר,80
יואב מה-טוב,80
איתמר קציר,76
אבי שרף,75
דנה מלמד,74
רות אוליבר,74
ענת ג'ורג'י,74
עופרה רודנר,74
ירין רבן,69
נטע הלפרין,69
אורלי פלאי ברונשטיין,66
ענבל לביא,66
אילון גלעד,65
אודי הירש,63
ד-פ-א,62
אילת לוי,61
דן מירון,60
דניאל צ'צ'יק,60
צח יוקד,60
דור ונגר,60
ויטה קיירס,60
כתבי ספורט הארץ,59
שיר אנגל,57
יונתן אנגלנדר,57
יונתן ברג,56
נועה לימונה,55
סער מור,55
אלון פנקס,55
מעיין נדיר,53
ניר גונטז',53
רונן סוניס,53
חנה גרשוני,53
מערכת עכבר העיר און ליין,52
יצחק קאופמן,52
קרולינה לנדסמן,50
יהושע עמישב,49
קרן הבר,49
דינה זילבר,48
מור דניאל,48
בלומברג,48
תמר בלומנפלד,48
שירי רז,48
נעה אביב,48
נטע ירון,48
ורד לי,47
טליה בנון צור,47
יובל פלוטקין,46
נעה לנדאו,46
ורד זינגר,46
נורית וורגפט,45
דורון קורן,45
אילן ברקוביץ',45
ג'ודי מלץ,44
קונדיטור אורח,44
רן בראון,43
מיכל מוזס,43
עמרי הרצוג,43
"זקנה במסדרון
נורית וורגפט",42
מאיה כהן,42
קונדיטורים אורחים,42
יותם קורן,42
איתי זיו,40
מליסה קלארק,40
יונתן גורודישר,40
לירון,39
עמרי פולק,39
מיקי שמו,39
חיים הנדוורקר,38
ג'ניה וולינסקי,38
גיל ססובר,38
שפים אורחים,38
בן שרוני,38
בלוג,37
אלוף בן,37
דיויד סטברו,37
קרן קדוש,37
עודד בן יהודה,37
אמיר פורת ורוסלה יונה,37
לילך וולך,36
לי ירון,36
אנו - מוזיאון העם היהודי,35
שף קונדיטור אורח,35
אסף סעדון,35
"שכנים
צבי בראל",35
רות אלמוג,33
רוסלה יונה ואמיר פורת,33
שני רייך,33
זמי שרייבר,33
אסתר זנדברג,33
שי נמרודי,33
צליל אברהם,33
שירה מייקין,33
לירז שדה,32
נופר זנזורי,32
שמואל בן שלום,30
שף קונדיטורית אורחת,30
הדר חזן,29
סוכנות ידיעות למדע וסביבה,29
יסמין גואטה,29
פאולין שובל,29
איתן אבריאל,29
זווית,29
שאולי לב-רן,28
שי לי ליפא,28
אוריאל קון,28
אורי משגב,27
גיא רולניק,27
גור מגידו,27
יורם גביזון,26
סיון קלינגבייל,26
יאיר בן דוד,26
רונית פנסו,26
אקונומיסט,25
שירלי הרשקו,25
אייל שני,25
עלית קרפ,25
אבי גרפינקל,25
סיגלית בנאי,25
הסדנה להיסטוריה חברתית,24
עמוס שיאון,24
עמוס פריבס,24
שף-קונדיטור אורח,24
אופה אורח,24
יונתן הירשפלד,23
איריס לעאל,23
איילת שני,23
אסף שנער,23
חגית גינזבורג,23
עידן בנימין,23
רואן סלימאן,22
הדס בשן,22
אלמוג בן זכרי,22
ירדן מיכאלי,22
אילנית שמיע,22
ארז קומרובסקי,22
יפעה אייזנמן,22
רותם בר כהן,21
יריב מלילי,21
בני ציפר,21
בניהו טבילה,21
שף קונדיטורים אורחים,21
רייצ'ל פינק,21
חן קצביץ' פרסלר,20
אריה קצוביץ,20
בועז יזרעאלי,20
עומר כרמון,20
איתן נצ'ין,20
טל מאור זינגרמן,20
עוצם עין אחת | עוזי צור,20
רות בקי קולודני,19
אלי סלייגל,19
מאיה רביבו,19
אמנון דירקטור,19
אביב משה,19
חגי מלמד,19
ספי הנדלר,19
אסא ששון,19
ליאת לוי,19
מיכל ברנע-אסטרוג,19
דניאל יהל,19
פרץ סגל,19
נתנאל גאמס,18
שני פוקר,18
עינת טלמון,18
נדין אבו לבן,18
גלי פיאלקוב,18
נועה מימן,18
יעל שטרנהל,18
תמי גבע,18
יזהר באר,18
ישראל שר,18
תום פרנץ,18
גל גבאי,18
כתבי הארץ,18
תום לוינסון,18
יעקב שביט,18
זיו סנדלר,17
אורי שפט,17
מיכל שמיר,17
רותי לוי,17
רמי לבני,17
אורגד רואש,16
אלמוג גולד,16
מעין איתן,16
איתי שטרן,16
נועה נופר,16
אבי ביטון,15
רוני סומק,15
סיגי מנטל,15
אורלי  וילנאי,15
הגר ורטהים,15
שרון היינריך,15
סבינה ולדמן,15
אנה בורד,15
דרור בורשטיין,15
שניר אנג סלע,15
מורן לידור,15
אלון רג'ואן,14
שאול גרינפלד,14
מאיה בקר,14
ליאם הור,14
עלמא אליוט הופמן,14
חיים כהן,14
אורי הולנדר,14
קרדיט טור,14
יואל זינגר,14
דניאל שליט,14
"שב""חית
עמירה הס",14
נופר צור,14
שאול בן אדרת,14
רותם קובנר,14
שגיא אלבז,14
דנאל לושי,14
אושרית בירודקר,14
דוד רפ,13
יוגב ירוס,13
דוד טאניס,13
אלרן בוזגלו,13
תומאס פרידמן,13
תמר קפלנסקי,13
גיל מור,13
ישי הלפר,13
סהר רפאל,13
רבקה נריה בן שחר,13
גיא גמזו,13
אפרת ליבפרוינד,13
גלעד לוי,12
חן שטרס,12
לירוי בר נתן,12
אסף שמואלי,12
איתי מאירסון,12
עודד היילברונר,12
רועי סמיוני,12
פפה גולדמן,12
לי ראובני,12
אמיר כלפון,11
דרור עסיס,11
מיקי גור,11
ששי שאולזון,11
ברי דנינו,11
אמיר קרונברג,11
השף הראל זכאים,11
אברום בורג,11
יוחנן ברנשטיין,11
נוף עתאמנה אסמעיל,11
עידו באום,11
משה בדישי,11
עכבר העיר אונליין,11
קרן דותן,11
דורית רביניאן,11
ענת טייכר,11
אבי לוי,11
חן בן יוסף,11
קלאודיה קדר,11
סימי ספולטר,11
גיל גוטקין,11
יחיעם ויץ,11
איל לביא,11
מירי חנוך,11
רפי וייכרט,10
עומר מילר,10
אדם רז,10
דניאל גורי דה לימא,10
רועי שוורץ,10
קסניה סבטלובה,10
ישראל ברזלי,10
גני שני,10
גלעד בר שלו,10
ישראל גל,10
אסף שמואלי | המשבריסט,10
גיא פרץ,10
נעה וגנר,10
דוד תאניס,10
ניצה בן־דב,10
תומר אפלבאום,10
קרין גורן,10
אפרת נוימן,10
סאני דרעי,10
רשימות תל אביביות | אברהם בלבן,10
שי רינגל,9
מוקי צור,9
רפאלה גויכמן,9
צחי בוקששתר,9
אמנון הררי,9
ניר צוק,9
אוריה גבע,9
יצחק כהן,9
ראג'אא נאטור,9
אלעד לוי ונדב נצר,9
רועי טל,9
אבי שטייניץ,9
דני בר-און,9
לילית רומם,9
אגי משעול,9
יואב רינון,9
איריס אליה כהן,9
אמיר מרקוביץ',9
יונדב קפלון,9
קרן אגם,9
רועי סופר,9
תהילה חכימי,9
שרון פולבר,9
ניצן ויסברג,9
ארנה רז,9
דפי קרמר,9
גששגש,9
דוד יששכרוף,9
אוהד קורי,9
אליסון קפלן סומר,9
שיר ראובן,9
אביגיל מייזליק,9
דפנה מאור,9
צ'רלי פדידה,9
יוסף חרש,8
יעל אבסירה,8
ליאת אלקיים,8
רוני דורות,8
ליאור משיח,8
מיכל בוטון,8
יעל סטטמן,8
רפגל סינג בנדארי,8
מריוס אונגריש,8
כנרת נעם,8
משה אהובי,8
שלי קרן,8
יוליה ניקנקין,8
שמעון זנדבנק,8
ניצן רותם,8
"חיים בשוליים
אורלי וילנאי",8
רעיה מורג,8
אורי טלשיר,8
ברוך בינה,8
דרור פייטלסון,8
זיוה שמיר,8
שירלי אברמי,8
יותם ברגר,8
דב הלברטל,8
נדב גדליה,8
אילן ברמלי,8
שף-קונדיטורית אורחת,8
רבקה פפלר,8
זוהר רוקמן,8
איגור ויינברג,8
יהושע גרנט,7
גל ברזילי,7
רימון לביא,7
מאיר עזר וניב כהן,7
גיא פרחי,7
יצחק בר־יוסף,7
פרופ' טליה מירון־שץ,7
מאי פלטי,7
עופרי זוטא,7
עופר גל,7
דנית סלומון,7
קובי אוחיון,7
בר בליניצקי,7
יובל מנדלסון,7
עמוס גבירץ,7
מיכאל כץ,7
מיכאל רוכוורגר,7
תומר ניב,7
תמרה בלטר,7
רוני אלדד,7
רויטל חובל,7
אבי עורי,7
מושיקו גמליאלי,7
תום שגב,7
"""הארץ"" מחוץ לארץ",7
חן שוקרון,7
יגאל רביד,7
הדס ריבק,7
אורן דסאו,7
אורי קליין,7
נבות שלח,7
גל שגיא,7
לאו גורביץ,7
יותם פלדמן,7
אהרן שבתאי,7
קובי בכר,7
גלריה,7
פנינה ארד,7
ערן שוורצברד,7
רגב יחזקאל,7
דניאל מורגנשטרן,7
יניב פרטוש,7
פיליפ רוזנאו,7
אבי כהן,7
דיוויד פרנקל,7
מיכל מילרד,7
לורן מילק,7
משה מוסק,7
לינדה דיין,7
רון דהן,7
ג'אגוויר סיג,7
יוסי סבו,7
אילן חפץ,7
יניב אופנהיים,7
עידו תמרי,7
?,7
מכתבים למערכת,7
מוטי דוד,6
יניב גור אריה,6
איילת לטוביץ',6
קים לגזיאל,6
מיכאל גרטופסקי,6
תמר חכם,6
אחינעם לב שגיא,6
ירון שנבל,6
נילי כהן,6
רן שמואלי,6
אינס ינאי,6
רחל אלג'ים,6
יהודית רותם,6
רוני (פנטנש) מלכאי,6
ניצן פינקו,6
שפים קונדיטורים אורחים,6
ננה שרייר,6
אלרן גולדשטיין,6
נעם דקרס,6
עומר טל,6
גילי יובל,6
שוקי פרידמן,6
ברי כנורי,6
פרשת השבוע | ירין רבן,6
מסעדת גוז' ודניאל,6
בן עמי ברתיני שביט,6
רבקה איילון,6
השף עומאר עילוואן ודנה מלמד,6
לירן גבאי,6
ליאור בר,6
רוסלנה יונה ואמיר פורת,6
רות סירקיס,6
ניר דודק,6
עומר אבישר,6
מאיה ויינברג,6
אליאב גולדנברג,6
ענר צלאל,6
זאב סמילנסקי,6
שירלי נמש,6
אסף דוקטור,6
דוחול ספאדי,6
ברק אהרוני,6
עמית ורשיצקי,6
ברי סייג,6
עלי זועבי,6
רפי כהן,6
משה בר,6
זיוה שטרנהל,6
ציון ברנץ,6
ליאור קודנר,6
ג'נבייב קו,6
ז'נבייב קו,6
שף גלסייר אורח,6
אריאל הירשפלד,6
נגם זבידאת,6
ישראל נטע,6
אלדד שמואלי,6
שרי שביט,6
אבי שגיא,6
יומן | רות אלמוג,6
גל קזס,6
עידו  הרטוגזון,6
יואל דונחין,6
בן לוי,6
יובל אונגר,6
דנה פרנק ותומר אפלבאום,6
אבי תורג'מן,6
צבי עצמון,6
דוד אוחנה,6
חגית ביליה,6
יותם זיו,6
מור דבשי,6
יוסי בן ארי,6
ותומר אפלבאום,6
נועם שיזף,6
מליסה קלרק,6
מיכה גינטר,6
שף קונדיטורים אמיר פורת ורוסלה יונה,5
דניאל זך,5
דניאל דולב,5
הדר חורש,5
יוסי מרגונינסקי,5
אבי דבוש,5
שפיות אורחות,5
מיכאל פרסיקו,5
איריס גלזר,5
גל ידיד,5
עמיר אילן,5
ליאור ענבר,5
חמוטל בר־יוסף,5
מואיז בן הראש,5
ניר עופר,5
איתמר בן-עמי,5
מעיין נדיר ומאור עשור,5
אלעד לאור,5
שחר־מריו מרדכי,5
עמוס אורן,5
CNN,5
אביבית פריאל,5
אורן בקר,5
תמיר חכים,5
אורן גולדווסר,5
טל סורסקי,5
לילך קרסנטי,5
דרור שושן,5
עופר בן נתן,5
אביעד הכהן,5
אודי שרבני,5
אורי לנקינסקי,5
נדב נצר,5
עופר אבגיל,5
אוראל קמחי,5
שירה כהן,5
גלעד בר שלו // במרחב אינטימי,5
איתמר דוידוב,5
שיראל ברגר,5
רונית דומקה,5
איתן ששון,5
הילה יבניאלי-בוכריס,5
עפר פרלמן,5
שולמית אפפל,5
יגיל לוי,5
שרון כהן בר,5
ישראל אהרוני,5
לימור לניאדו תירוש ודיוויד פרנקל,5
עודד כרמלי,5
רמי שלוש,5
יונתן גופר,5
מורין דאוד,5
קובי בנדלק ועופר אלמליח,5
מרתה רוז שולמן,5
רון לוין,5
סוואלי אלדר,5
דן סגיר,5
ויקטור גלוגר,5
אי-אף-פי,5
דן גורמה,5
לימור שמואל פרידמן,5
יניב דוידסון,5
רוואן סילמאן,5
אנה שפירו,5
דור ונגר ויהל אברהמס,5
עמוס נוי,5
יניב כספי,5
יואב אלעד,5
גלעד מאירי,5
שגב משה,5
שף-קונדיטורים,5
סוכנויות הידיעות,5
ליאת נתנאל,5
אבי וקסמן,5
איל מגד,5
שירה סתיו,5
צפי סער,5
אסף שטרן,5
יאנה פבזנר,5
ירדן בן גל הירשהורן,5
איתי רוגוזינסקי,5
ריקי ביטון,5
רינת צדוק,5
יורם בילו,5
יונה רוזמן,5
משה צימרמן,5
עמוס חיון,5
גבע ששון,5
נעם תמיר,5
ג'ורג'יו סופינו,5
דור שירה,5
עינב ברמן,4
אברהם פרנק,4
שגיא   כהן,4
טליה תדהר,4
מליסה קלארק / ניו יורק טיימס,4
ג'וליה מוסקין,4
יוסי שטרית,4
קצרצר | אלכס אפשטיין,4
מאיה בז'רנו,4
שולמית לפיד,4
"""הארץ""",4
חגית הלפרין,4
רקפת אריאלי,4
עינת קדם,4
יהונתן בורוביץ',4
יעקב ניר,4
דיאטנית אורחת,4
גיל ססובר ואילון עמיר,4
הגר מדר,4
ירון ואג,4
יובל הימן,4
איתי פת-יה,4
שמואל מאיר,4
שלי קלינג,4
שי-לי ליפא,4
נטע דביר,4
אליסון רומן,4
אורלי חן פלדמן,4
אשתו של,4
עוזי בנזימן,4
פזית אסולין,4
עפר דפני,4
משה בן עטר,4
אייל שני ומירי חנוך,4
צילום: תומר אפלבאום,4
שמואל אבנרי,4
ליאור גלציאנו,4
עודד פוירשטיין,4
אליקים רובינשטיין,4
איימי אמיגה וליז שטיינברג,4
יוסי קנר,4
נעמה מורל,4
מארק ביטמן,4
אפרת מישורי,4
מנה שטרום,4
"שליח ""הארץ"" להונגריה",4
דנה קסלר,4
"ספורט ""הארץ""",4
מגי ביבי,4
יוסף עוזר,4
נעמי קנטור יצחייק,4
מוטי גלברט,4
יעל בניה,4
גל חוברה ברגמן,4
אלי אליהו,4
דורון נשרי,4
יורם הרפז,4
עדי דברת,4
רותי רודנר,4
קיי צ'ון,4
עידית בן צבי,4
יאיר אשכנזי,4
באדיבות אתר אכול ושאטו,4
אדריאן הניגן,4
אורלי פופר,4
מרדכי נאור,4
ליה שומרון פינדר,4
אורלי חרמש,4
יוסף זעירא,4
חנוך שכטר,4
מיקי סויסה,4
נירה כהן,4
תומר כבירי,4
ארי ירזין,4
ורד רובין,4
"שליח ""הארץ"" לפריז",4
אראל מוריס,4
יגאל באום,4
ערן גולני,4
גל אלקיים פרנג'י,4
גילי דדון רווה,4
נתן רון,4
מיכאל קרן,4
אמילי גולדברג,4
אבישי גבע,4
הילו גלזר,4
בשלנית אורחת,4
באדיבות רשת רולדין,4
עומר ולדמן,4
אדם דש,4
אדם דש // במרחב אינטימי,4
עכבר העיר תל אביב,4
אמיר רותם,4
יוסי שרף,4
שיר הלפרן,4
מיכל רכלבסקי,4
גלילי שחר,4
מיכאל מילשטיין,4
עמיחי גיל,4
יניב עדן,4
אריאלה וולצינסקי,4
נעמה גרינבאום,4
אלינוער רבין,4
דוד גורביץ',4
פרידה רז,4
ריטה קוגן,4
ניר פרומר,4
הלן מיסן,4
ז'נבייב קו / ניו יורק טיימס,4
ענת בצר,4
"שליח ""הארץ"" לווימבלדון",4
קובי אחיעם,4
מיה סלע,4
אדם הופמן,4
חיים כהן ואלי לנדאו,4
אירית בק,4
יובל דרור,4
ליאור שטייגמן,4
קונדיטוריית ביסקוטי,4
גבי לוין,4
לימור לניאדו תירוש ואיתי גלייטמן,4
טובה מרכוס,4
שפית קונדיטורית,4
מירי ארזי,4
מאיר אדוני ואור שפירא,4
איתמר גרינולד,4
איה חיות,4
זהר לוסטיגר-בשן,4
שלומית צור,4
יעל רייף,4
זיו מנשה,4
רות נצר,4
עדי דברת-מזריץ,4
יהלומה לוי,4
ג'נבייב קו / ניו יורק טיימס,4
אסי גרברז,4
ישעיהו תדמור,4
מאיר ויזלטיר,4
מעוז קשתי,4
סם סוקול,4
יהודית מייזלס,4
עידו פיינר,4
שניר אנג-סלע,4
ג'ודי קופפרמן,3
נתן וסרמן,3
ג'בד קארניי,3
מאיר רוזנברג,3
מיכל וקסמן ודוחול ספדי,3
אליי קורנצקי,3
רונית לרר־שפק,3
חן קרופניק,3
שי לוינשטיין,3
משה ברנר,3
מיתר הלל קורמן,3
עינת אלפסה,3
עדן אביטבול,3
רן שושן,3
אריאל קרס,3
אורין רוזנר,3
מערכת עכבר און-ליין,3
אליסון רומן / ניו יורק טיימס,3
הדס פרוש,3
נחמה ריבלין,3
יעל לנדסמן סבריאנו,3
מאשה,3
סמי שלום שטרית,3
גולן גורפינקל,3
ישי רוזן־צבי,3
חלי ממן,3
פיית העוגיות,3
באדיבות הקונדיטורית מירי ארזי מרשת מתוקה,3
נעמה נויהאוז,3
ירון גילת,3
נירית כהן,3
ג'ייסון זינומן,3
אילן ליאור,3
דור ונגר ועידו טחן,3
אורן הרמן,3
רוני ויינשטיין,3
דיוויד מרקזי,3
נועה שקרג'י,3
"שטח הפקר
ורד לי",3
דיוויד טאניס,3
יריב ולק סונאן מלילי,3
אורי כרוך,3
דור ונגר וגיל חובב,3
מיכל לברן עוז,3
אליאס מטר,3
אנה בורד ותומר אפלבאום,3
בית תאילנדי,3
יניר גרין,3
מיקה שרון,3
מור סגל,3
אנה מומיליאנו,3
טליה מירון כנעני,3
"ד""ר דוד גלעד",3
עמית לוי,3
דור ונגר ונעמה גאון,3
דור ונגר ועופר ששון,3
אידה צורית,3
שלומית לן,3
דור ונגר וענת אראל,3
אבי גיל,3
עתליה שלח,3
גיורא מורג,3
אבישי בן ששון־גורדיס,3
שף קונדיטור זיו סנדלר,3
עכבר העיר תל אביב.,3
קציעה עלון,3
איתן גלס,3
אורה ויטנברג,3
אלי סלייגל / ניו יורק טיימס,3
אלי לנדאו,3
ניר תמרי,3
דור ונגר ומיכל בר,3
עדי אנגרט,3
הראל זכאים,3
מיכל אורנן־אפרת,3
ויקטור הראל,3
רועי הרצוג,3
מיקסולוג אורח,3
יעל דראל,3
תמי סול,3
דור ונגר ואחמד חמדון,3
איילת כהן,3
דור ונגר וינון בארי,3
בכל סרלואי,3
דור ונגר והשף קונדיטורית מיכל גולדברגר,3
אבנר הולצמן,3
יואב גרובייס,3
אבישי שמואל,3
דן קרייצר,3
מחמוד דרוויש,3
כרמית אלקיים,3
דור ונגר ורמי עבדו,3
אדם זגייבסקי,3
אילה בן־פורת,3
אורלי פלאי-ברונשטיין וניר דודק,3
שירי כץ,3
דור ונגר ורינה סרדס,3
שף איתמר דוידוב,3
סשה דרגוילו,3
אריק קים,3
רז רהב,3
ג'ייסון הורוביץ,3
דוד בר־אופיר,3
עוזי בן,3
שמואל רפאל,3
ברק אלמיש,3
עדי קיסר,3
חננאל מאק,3
דור ונגר ונתי יופה,3
יפעת מלאכי,3
נמרוד נורמן,3
אורין מוריס,3
בני סיידא,3
אבישג שאר-ישוב,3
אור סיגולי,3
עוז בלומן,3
אורי בר־יוסף,3
שף-קונדיטור,3
מאסאקי סוגיסאקי,3
ישראל ברטל,3
מיכה אבנימלך,3
"פני הארץ
צפריר רינת",3
עידית רונן,3
וולט ויטמן,3
משה אריאל,3
עינב אזגורי,3
אור עזרא,3
סתיו אתלן,3
ניצן ארגוב,3
...,3
יואב שוורד,3
דור ונגר ואפי אשלג,3
לירי אגמי,3
ניצן ליבנה,3
אלעזר אסטיוקר,3
מתן שופן ויתיר שדה,3
תמר זיגמן,3
חדוה הרכבי,3
יונתן רז־פורטוגלי,3
חנה פנט,3
שאדי בשארה,3
מיכל מוזס ואיוונה ניצן,3
אביהו בר יוחאי,3
גיל טבת,3
רותם ליברזון,3
אביבה קרינסקי,3
אהוד אחישר,3
דור ונגר והשפית עתליה עין מור,3
לילך גרמן,3
דור ונגר ותומר עמדי,3
תומר פרסיקו,3
אלון גולדמן,3
ענת באלינט,3
דור ונגר וענת הראל,3
תאופיק דעאדלה,3
לימור לניאדו-תירוש,3
ערן עובדיה,3
שירלי סיטבון,3
שלמה הרציג,3
אלחנן ניר,3
עדי אבו,3
מאיר דנון,3
עמרי מרכוס,3
דורית מיינצר,3
מור כהן,3
אמיר אור,3
יורם פרי,3
ברוך פלח,3
אמילי ויינשטיין,3
דור ונגר ואביב שקורי,3
חיים מנור,3
לידור ברזיק פרידלנד,3
יהודית אופנהיימר,3
שי קיצ'ס,3
שלומי פטיה,3
דיוויד לוי,3
יפה ברלוביץ,3
קרן אלה גפן ויעל סלע,3
סלאח כורדי,3
נועה ילינק,3
אתי קורן,3
אילון עמיר,3
עודה בשאראת,3
"שליחי ""הארץ"" לפריז",3
צילום: דור קדמי,3
תמר כהן צדק,3
אריה קוקס,3
שירה פור,3
גדעון בן עזרא,3
טל בן עזרא,3
סלמאן מצאלחה,3
יקי שגיא,3
לירוי שופן,3
דינה פורת,3
השף גיא פרץ,3
אורלי עסיס,2
אופיר ברק,2
נעה נבט,2
רעות בן עמי,2
הטי מקינון / ניו יורק טיימס,2
שלי לרון,2
ריקה קידן,2
רבקה פפלר / ניו יורק טיימס,2
אורי שביט,2
יוסף (זוזו) חנא,2
עדי מרקוזה הס,2
רועי מרקס,2
מעיין קאופמן,2
רינה פושקרנה,2
און משען,2
רורי סמית',2
מלי פטיטו,2
אורית קמיר,2
צבי בן־ישי,2
מוחמד עבד אל-קאדר,2
מיכל לוי,2
אווה אילוז,2
הטי מקינון,2
יענקלה שיין,2
תוכן מקודם,2
לחם טאטי,2
מירי רביבו,2
משה נוימן,2
שירן זליכה,2
עוזי שביט,2
ירון מלכה,2
המתכון באדיבות חמים וטעים,2
ספי ברגרסון,2
שומרי משקל,2
השף רועי חנין,2
"שב""חית
עמירה הס",2
מאיר אמיר,2
נבו שפיגל,2
לילך ירון,2
יהב ג'ינו,2
מנחם פישר,2
באדיבות בית קפה הדירה,2
רחלי זיגלר,2
ריקי דסקל,2
יובל טבול,2
מיטל ניסים,2
פלורנס פבריקנט,2
גילי בן משה,2
תמר רותם,2
גיא סלוק,2
אסעד תלחמי,2
מתן אברמוביץ',2
אוראל תמרי,2
אורי גרוס,2
ליבי שפרלינג,2
ציפציף החתול,2
פליקס רוזנטל,2
יוסי מדינה,2
יובל בן נריה,2
אסף אוטולנגי,2
"""טרז פזוס""",2
עדי הגין,2
איתן דומאני,2
סת' שרווד / ניו יורק טיימס,2
בלוג הכותבים המתחלפים,2
יאמה סאן,2
מרק מלקוביץ',2
סיון דדוש,2
אילה ענבר אפללו,2
ינאל ג'בארין,2
איתן פלג,2
דרור משעני,2
סייד קשוע,2
נעמה צורן,2
נעמי טאובר,2
מושיקו אברהם ורוני שטיקר,2
אסנת ניר,2
אלי סלאגל,2
שי מילר,2
בני מדר,2
"ד""ר רני פולק",2
עינב דנילוב,2
מיכל פלטי,2
גיא יעקבי,2
Alexa Weibel,2
מירב רוט,2
לוי וינר,2
קים מידן,2
יוספה בן כהן,2
יעקב שביט ויהודה ריינהרץ,2
ישראל שק,2
רומי נדלר,2
זאב שרף,2
"מ""ב",2
תום בַּעֲבוּר,2
רותם ניר,2
אילן פנחס ובני נקווה,2
הדסה טל,2
דנה קולין,2
ליאור פרג',2
עדיאל דומין,2
"שטח הפקר
ורד לי",2
באדיבות מיקי שמו,2
ניר אלקיים,2
נוגה שטיינר,2
מרדכי כוגן,2
ג'ואן ניית'ן,2
שחר ברלוביץ,2
רולדין,2
אלחנן משי,2
אור חורי,2
דניאל פרידמן,2
אינס אליאס,2
השף אורן לוקסנבורג,2
דימיטרי שומסקי,2
איריס גלברט,2
יונתן בן־דב,2
מיטל ברדה,2
אופיר דיין,2
אורן ארנון,2
שף אמיר כלפון,2
באדיבות מסעדת חבש,2
חגי לוי,2
עמית קאופמן,2
"כותבי ""הארץ""",2
יונית נעמן,2
בלוג הצילום,2
רחל טל-שיר,2
גיל קרסלבסקי,2
אורי דסאו,2
מאיר אדוני,2
עופר סטי,2
איילת אור,2
מערכת עכבר און ליין,2
מיכאל מצגר,2
יגאל שפי,2
"באדיבות מסעדת ""סנדר""",2
ראובן גרבר,2
עבדי לטיף דהיר,2
עופר מתן,2
אדם קומן,2
איתי אורן,2
זולקארניין סאער חאן,2
מתן אברהמס,2
הילה וידבסקי,2
עכבר העיר און ליין,2
מסעדת סנדר,2
אייל גיל,2
יוסי מץ,2
יחיאל זינו,2
חיים גורן,2
"אורלי וילנאי
חיים בשוליים",2
אמבר רוגע,2
כתבי TheMarker,2
ממסעדת סנדר,2
סבינה מסג,2
מירון ח. איזקסון,2
שלומי פדידה,2
אסנת הופמן,2
שף -קונדיטור,2
רימונה פאול,2
אילנה רז,2
רם ענתבי,2
איתן קיזלר,2
"ד""ר לורה ורטון",2
נדב נוימן,2
דניאל ברוק,2
עדי סגל,2
מוטי סופר,2
באדיבות מסעדת סנדר,2
אלירן ארזי,2
יוחנן פלוסר,2
תמר ויקס לרר,2
ארז שבו,2
אריאל זוכוביצקי,2
קים נווה,2
אביהו זכאי,2
רון ביאלה,2
מרים גולן,2
מסעדת השקד,2
מרדכי גרון,2
ברק חי חורש,2
אמנון בהם,2
רמי קמחי,2
אדמיאל קוסמן,2
גיל הראבן,2
רויטרס וגרדיאן,2
דורי מנור,2
עדו ניצן,2
אפנדי,2
קורין דגני,2
אלמוג בהר,2
הדס פרנקל,2
מרים ג. ששון,2
אורן לוקסנבורג,2
יונתן יעקבזון,2
נורית סוריאנו,2
מירי בן שמחון,2
דוד מיכאלי,2
רונית כהן זמורה,2
ביסים,2
"שליח ""הארץ"" לפנסילבניה",2
דליה שיינדלין,2
מיה ענר,2
משה שגב,2
עין טור־מלכא,2
ישראל בן דור,2
שף -קונדיטורית,2
עומר בהט,2
מורדי מילר,2
דור ונגר ודניאל יצחקוב,2
אסף שלג,2
פיטר בייקר,2
דוד ברזילי,2
איתי נוביק,2
אורן ירושלמי,2
יובל נח הררי,2
אייל שרף,2
"ניב הדס
עין עצלה",2
בנצי לאור,2
דוד,2
שמואל הירש,2
לאה ענבל דור,2
ברנע שלס,2
תמר פלד,2
יקיר בן־משה,2
אלכסנדר זרצקי,2
לימור לנידאו תירוש,2
אהוד עין-גיל,2
אורי נתנזון,2
שגית זלוף נמיר,2
גילעד עובדיה,2
שלום רצבי,2
קרן פלד,2
תהל פרוש,2
אלון קורנגרין,2
חביבה פדיה,2
אמיר סליבא,2
אבשלום חלוץ,2
גילי בן שחר ואוהד קויתי,2
"מתוך ספר הבישול ""ששת""",2
יונתן רושפלד,2
חיים הרשקו,2
דן זוארץ,2
רותם ניר ואורלי פלאי ברונשטיין,2
אושרת יקותיאל,2
שחר ברנע,2
רונית הנגבי,2
אלכסה וייבל / ניו יורק טיימס,2
סת' שרווד,2
אליהו בורוכוב,2
יוראי דניאל,2
יהושע בן־נון,2
מיכאל פדידה,2
רועי דקל,2
ג'קי כהן,2
ענת סרגוסטי,2
מייקל יטברק,2
איילת ציוני,2
יואב בלימן,2
מיכאל דוד,2
יצחק בר יוסף,2
ויליאם שייקספיר,2
הדי עפאים,2
פטריק סקוט,2
עמית פרבר,2
אלפרד כהן,2
ג'ואן נתן,2
הבשלן אלון רביד,2
שומרים,2
לירון עמיר,2
נח שמיר,2
גדעון פרי,2
יואב כהן,2
רוני קפקא,2
ענת קם,2
יאנה אוזרנסקי,2
טלי פרידמן,2
שרי אנסקי,2
נורית זרחי,2
עומר יעיר,2
יפתח אלוני,2
Yewande Komolafe,2
מתכונים ואוכל,2
דויד תאניס,2
ענת לבל,2
עופר בן נתן ועומר קוצ'מן,2
שלמה צוקר,2
תומר טל,2
יואל רפל,2
יולי תמיר,2
דור ונגר וגיא סלע,2
השפית איילת ציוני,2
רייזל ז'יכלינסקי,2
יובל יבנה,2
יצחק אורן,2
סיון הר־שפי,2
ברטולט ברכט,2
השף סהר רפאל,2
דוד גילת,2
ערן אדומי,2
סת שרווד,2
דורון בר און,2
חיים באר,2
לריסה מילר,2
ג'וש כהן,2
ערן רולניק,2
יפעת גולן ערב,2
שי שהמי,2
רבקה צור,2
עלא חליחל,2
שף-קונדיטורית,2
מריק שטרן,2
ווביט וורקו מנגסטו,2
שוקי שמעוני,2
מנחם פרי,2
עידן ירון,2
גל פיינגולד,2
אורי כהן,2
צביקי עשת ואליאב גולדנברג,2
מיטל דור,2
גיל מורסיאנו,2
אורי וייס,2
מוטי מילרוד ומגד גוזני,2
ולדימיר ברגינסקי,2
לויה אליעזר,2
קצרצרים | אלכס אפשטיין,2
הילה קריב,2
אילן שיינפלד,2
באדיבות סנפרוסט,2
הנריק שלמודין,2
באדיבות יד מרדכי,2
רינה ואליס מויאל,2
אורית מורן,2
גיל רייזר,2
מיקי קפלן,2
גיל אליהו,2
מירון איזקסון,2
מרתה רוז שולמן / ניו יורק טיימס,2
אריאל הורוביץ,2
אברהם רובין,2
מוטי טיטמן,2
נוף עתמאנה,2
בנימין זך,2
אתר יאמי,2
מוטי מילרוד,2
דורון חבצלת,2
שמעון רדליך,2
מנחם קליין,2
"כתבי ""ספורט הארץ",2
דנה אמיר,2
ניו יורק,2
אריאלה אופנהיים,2
גיורא פישר,2
גיל דהאן,2
אדוה מגל כהן,2
יוני דגן,2
ניר גוזמן,2
עמרי זרחוביץ',2
נטע מור,2
נלי קרפנר,2
אביב יחזקאל,2
אוהד צויגנברג,2
עידו לב,2
גונטר בידרמן,2
שמוליק בן חמו,2
נועם יעקובא,2
עפרי כנעני,2
רות בת אור,2
עינת מזור,2
יוסף סאקס,2
דייוויד טניס / ניו יורק טיימס,2
טליה מירון־שץ,2
איל חוברס,2
מיכל אהרון,2
מיכל רובין,2
מנשה בן מאיר,2
גיא פולק,2
איברהים שחאדה,2
אריאל שוייצר,2
פרנץ קפקא,2
רעות עזר,2
ליהי חנוך,2
ג'ואן נתן / ניו יורק טיימס,2
השף מאיר רוזנברג,2
מלכיאלה בן שבת,2
אריק פורת,2
אשר חביבי,2
באדיבות זמי שרייבר,2
שף קונדיטור אורח (מסעדת דלאל),2
"ד""ר אליהו בורוכוב",2
ברק שי חורש,2
אור הורביץ,2
בועז וונטיק,2
עופרה עופר אורן,2
מירי גולדנפלד,2
יעקב לזוביק,2
רוני ליבנה,2
ערן שרויטמן,2
גדעון קרן,2
השף מוריס מונייר,2
רן בן דוד,2
אורי בלאו,2
קייל ביוקנן,2
איתן יעקובוס,2
גלעד בן שץ,2
יותם אוטולנגי / ניו יורק טיימס,2
אריאל דוד,2
יוסי דסקל,2
דוד בר-אופיר,2
באדיבות רולדין,2
דה מרקר,2
דור ונגר וראסל זקס,2
שמעון חכים,2
פאדי יעיש,2
שיר גורן,2
משה קלור,2
ארז ביטון,2
חן גל-אור ונה,2
דינה גנץ,2
אסף רמון קליין,2
סיימון ולדמן,2
משה עצמון,2
גדעון שניר,2
דפנה קרמר ומוזנא בשארה,2
שולי מדניק,2
רויטל פדרבוש,2
עוזי ברעם,2
אדם גושן,2
דרור מנואל ציפורי,2
מישאל ציון,2
משה בלאו,2
ארנון גולן,2
אמיר ביבר,2
רות בהונקר,2
אביגאל כהן,2
מגי אוצרי,2
קולין גילון,2
נעמן כהן,2
נטלי לוין,2
יסמין פאהר,2
שף ישראל אהרוני,2
יותם אמיתי,2
מיה לביא,2
ארז גירון,2
עוזי אורנן,2
קו המשווה | רונן סוניס,2
עידו קרמסקי,2
אריך קסטנר,2
מקס וטר,2
יונית צוקרמן,2
אווה סאפי,2
"ד""ר נדיה זלדס",2
גד קינר־קיסינגר,1
ענת ברנשטיין-רייך,1
בן אבנר הכט,1
מרי האוויט,1
יונתן שמיר,1
מימס וילמה,1
אורית פרלוב,1
דן שפר,1
"כתבי ""ספורט"" הארץ",1
מסעדת קימל,1
מישל פורטמן,1
אריה אינגבר ויואל דונחין,1
נועם שקל,1
עמנואל אטקס,1
המתכון באדיבות  יואב בר,1
קרופטון בלאק,1
יצחק קציר,1
מאשה צור-גלוזמן,1
מסעדת מיט בול,1
שגרירות אנגולה,1
פיט סיגר,1
נעמי שני,1
שי מולר,1
אורי סודרי,1
מירי שלו,1
יוסף לזר,1
עלי סלייגל / ניו יורק טיימס,1
רחל טלשיר וגיל מעוז,1
"ב""ז קֵדר",1
צחי בוקשתתר,1
איתי אשלגי,1
סבסטיאן בן־דניאל (ג'ון בראון),1
איל פלג,1
"שירה מייקין
מחבקת עצים",1
באדיבות קפה עלמה,1
ניצה סגרון,1
מיכל לוי-אלחליל,1
דור קדמי,1
ריקי כהן,1
דניאל פישר,1
לילך רווה,1
טאטי,1
עמית גיטלר,1
פטר שיקלושי,1
איביקוס,1
קאיה גנץ',1
"שפית קונדיטורית במרכז האירועים ""קסיופיאה"" בהרצליה",1
חגי דגן,1
נעבעך אפיקורס,1
עודד מנדה לוי,1
מיטל נסים,1
ראובן איל,1
שף ארז שבו,1
באדיבות מסעדת אל באבור,1
השף רועי הרצוג,1
מושון זר-אביב,1
אסף טלומק,1
ליהי ארגמני,1
מיכאל זמיר,1
גון מזראי וזוהר קטן,1
קפה גרג,1
"ד""ר דקלה אגור כהן",1
תמר וולף־מונזון,1
הדסה אופטימל,1
סמדר רייספלד,1
לידי יוק,1
זאקרי סמול,1
משה סיני,1
משה יהודאי,1
מיה דנון,1
רבקה דזומבק,1
קלוד בן איטח,1
דויד גרוסמן,1
ניר אליאב,1
אבי אידלמן,1
נדב רט,1
טל אורן,1
עופר אשכנזי,1
רותי קינן,1
השף שאול בן אדרת/קימל,1
"ד""ר דניאל פיינגולד ודורותה ביאלס",1
השף מיקי סויסה,1
ג'ו קוסקרלי,1
יצחק חסון,1
סטניסלב ברנצ'ק,1
מאיה משל,1
רות דנון,1
ישראל נתנאל רובין,1
שגיא מעין,1
נואל דה ליאו / ניו יורק טיימס,1
נמרוד גורן,1
שף נעם דקרס,1
יוחאי ג'רפי,1
אילן אסייג,1
גילי מרין,1
יניב מלמד,1
שפית אמבר רוגע,1
מני ארנון,1
"שכנים
צבי בראל",1
חן ואלון קורן,1
רוני קשמין ונאור אזובל | צילומים: תומר אפלבאום,1
שמואל אחיטוב,1
שאול בן אדרת/קימל,1
לורה רייסמן / ניו יורק טיימס,1
עופר אדרת ויעל פרידסון,1
סאלח כורדי,1
צבי כסה,1
ברק חי,1
אריה קצוביץ',1
דורי פינטו,1
ארגד רואש,1
פארמה קולטורה,1
לאה אילון,1
עירית פרנק,1
דרור מעיין,1
חדוה הדר והילה קומם,1
סתיו לוי,1
יוסי אבני לוי,1
יצחק אלון,1
דיוויד תניס,1
אילן קוץ,1
בר חיון,1
ראובן איל וקרן פלד,1
באדיבות השף ברק חי חורש,1
יעל לוין,1
יעקב צלאל,1
מיכל אורנן־אפרת ואהוד פזי,1
גל נחום רוזנראוך,1
"ד""ר מעיין ארמלין",1
המרקרים,1
חוה פנחס־כהן,1
קלייר סאפיץ,1
גילי מלניצקי,1
משה אביב,1
ויקטור וייס,1
ג'סי קאלארט,1
כתב וצילם: אורן אלדר,1
אביבית ארליך,1
נועם דרקס,1
רחל בירנבאום,1
לוּאיסָה פוּטוֹרַנְסְקִי,1
רז בדו,1
ציונה גרוסמרק,1
רותי,1
אהוד דקל,1
יסמין קהן,1
טל שפר ובועז דרור,1
רועי חן,1
רז סמירה,1
עדן דוד,1
חמי אורון וניצן,1
אורי לוי,1
קשף קונדיטורים אורחים,1
"שליח ""הארץ"" לארגנטינה",1
פפה גולדמן ויהושע עמישב,1
רן דה לנגה,1
נטשה פרוסט / ניו יורק טיימס,1
אשר גבאי,1
פול סון ונטליה וסילבייה,1
שורי בורי,1
ללי מיכאלי,1
אמיר בן פורת,1
זהר שפק,1
יהודה אשכר סבן,1
מסעדת אוונגרד,1
דור לוי,1
דנה אריאלי/עידו שמחוני,1
משלב מסאלחה,1
מרסיה כצמן,1
סרהיי ז'דן,1
רובי פורטנוי,1
השף דרור שושן,1
נילי אושרוב,1
איתי כהן,1
באדיבות שף אליאב גולדנברג ממסעדת גרקו,1
ניקולס פולינר,1
רות מרגלית,1
שלמה עידן,1
מסעדת לה גוטה,1
אורלי מנור,1
קיי צ'אן,1
רינת צמח לוי ונטי לוי,1
לאוניד לווינזון,1
"ד""ר אבנר פלק",1
משה זילבר,1
רונית לוין־שנור,1
שי כרם,1
דגנית הלוי,1
אלעד אקרמן,1
שמואל בן־טובים,1
ראובן רוזן,1
שגיב בן-אריה,1
דילן תומס,1
יהונתן רבינוביץ,1
אליהו קריצ'מן,1
אביה זמרן,1
אהוד ערן,1
חיים רדלמן ודינה להרס,1
שף טיבי חיים למסעדת מוסקט,1
איתי בכר,1
אורן אלדר,1
יהודה שוחט,1
יונה ברגור,1
אביגדור כהנר,1
"זקנה במסדרון
נורית וורגפט",1
אסף גברא,1
גאפור גולאם,1
אסתי רידר אינדורסקי,1
גאווין פלאמלי,1
מיכל הדי,1
חגית הלפרין ושרי גל,1
שף ניר דגן,1
עמוס מוקדי,1
שמעון פילצר,1
מאיה דרין,1
שי יגר,1
תום טליטמן זוטא,1
מחלבות טרה,1
אליק מישורי,1
משה מעוז,1
שף מורן לידור,1
ליאורה ברק ושלום צארום,1
באדיבות בית הספר הגבוה לקולינאריה – בישולים,1
עמית דהאן,1
נשיאת העליון,1
תומס פרידמן,1
מישל בן שטרית,1
קתרין פורטר / ניו יורק טיימס,1
מריה ז'ודיטֶה דֶה קַרְווליוּ,1
פרופ' אמנון כספי ופרופ' טליה מירון־שץ,1
השף עדי אבו,1
אריה שבי,1
יוסף מונדי,1
מיכאל גלוזמן,1
פרנצ'סקו פטררקה,1
מרגרט תייר,1
מסעדת תמרה,1
ארי אנגלברג,1
דן עומר,1
המתכון באדיבות מורפי ריצ'רדס,1
יהלומה לוי ועינב ברמן,1
באדיבות שף רפי כהן,1
דן לב,1
משה בראל,1
דרור כהן,1
יעל פינקלשטיין,1
מיכאל לוונסון,1
אסתר קמרון,1
זאכרי וולף,1
הראל מק,1
המתכון  חיה פיק,1
ברק הימן,1
',1
טלי רז,1
אייל גרש,1
מרתה שולמן,1
הרב דוד לייבל,1
קונדיטוריות אורחות,1
מידד סטבינסקי,1
מיכל פלס־אלמגור,1
נעמי קנטור-יצחייק,1
"""באומן הסתדרו לי כל מיני דברים שהיו חסרים לי. שנה אחרי זה כבר התחתנתי בחתונה שהקפידה על הפרדה בין גברים ונשים. כולם חשבו שהחלקתי על השכל אבל אני עברתי צד לגמרי""",1
גיא מלכה,1
דור כלב,1
המתכון  דורעם גונט,1
דודו גוטליב ואבירם מזרה,1
איל שגיא ביזאוי,1
יונתן קנטי גרינשלג,1
גלעד רייך/ לאיה אבריל,1
חגית ביליה / לייזה פאנלים,1
עדנה ענבר ועוזי אבנר,1
ניר צוק ואלינוער רבין,1
מיקי הררי,1
באדיבות מסעדת פאסיפיק,1
שמואל פיינר,1
פרופ' אלון גל ובנימין וורצברגר,1
קונדיטור עמר זרניצקי-דרומי - מנהל מגמת פטיסרי בבישולים,1
תמר עילם גינדין,1
שלוה וייל,1
קרלה סוסנקו,1
צבי גילולה,1
רנן שור,1
עופרה מצוב כהן,1
קלאודיה קוגן,1
ת.פ ונ.ש,1
שגית זלוף נמיר איתי בר יוסף,1
נגה וולף,1
רותי גינזבורג,1
אריה קיזל,1
קייטרינג ליאורה קרן,1
מנאל איסמעיל,1
שחר שלוח,1
סיגל עומר,1
בלה חנן,1
אלון רגו'אן,1
עמית סופר,1
כתב וצילם: עמית רפאל צורן,1
עירן דורפמן,1
ליאור חפצדי,1
נאוה בן יקיר,1
רינת ואליס מויאל,1
הביסטרון בשוק לוינסקי,1
מיכאל אייזינגר,1
חנה עמית,1
אלי מנחם,1
קלוד בן סימון,1
אייל טואג,1
ניקי אסא,1
אתלטיק,1
אִיב בּוֹנפוּאה,1
רועי ענתבי וישי מלכוב,1
זאב בן אשר,1
עלילות מוסיקליות | אוריאל קון,1
שף-קונדיטורים אורחים,1
דזידריוס ארסמוס,1
באדיבות המעדנייה של גולדשטיין,1
רחל אלבק־גדרון,1
באדיבות תבליני פרג,1
אהוד רוזנר,1
אורי כ.,1
שירן סורק,1
אפי ליפשיץ,1
שחר יפה,1
אלכסנדר ניקוליץ',1
אוריאל לין,1
רפי ולדן,1
אור דורון,1
שמעון פלתיאלוב,1
אלקסה וייבל,1
יולי מזרחי,1
דפנה בר,1
יוסי ערפי//ארפי  / ניו יורק טיימס,1
עמיחי גיל ורון אשרוב,1
גיורא נוימן,1
מסעדת רובין פוד,1
נָוית בראל,1
ניר דגן,1
האנה דוולין,1
מוש בודניק,1
ענת ויסמן,1
עופר חרמוני,1
נעם גדרון,1
מיקי הררי ושיר,1
"""אספרסו בר""",1
נריה גוטל,1
חורחה לואיס בורחס,1
אורי לינסקיל,1
יואל הופמן,1
רידא עאשייר,1
שף מסעדת MARABOO,1
ינון ביילין,1
ד-פ-א ואי-פי,1
מיכל קורן,1
"עכבר העיר | צילומים: יח""צ",1
דנה וולפיילר־ללקין וענת סרגוסטי,1
קלודין גיי,1
חני קריסטל,1
איילה פנייבסקי,1
דן אריאלי,1
גיאורג היים,1
אלי שמיר,1
המטבחון,1
אלזה לסקר־שילר,1
אבישי חורי,1
גרי שפר,1
אורן גולדפינגר,1
חיה שיחור,1
"א""ב יהושע",1
אילון צוקרמן,1
מאיה ישראל וקארין נויבורגר טויטו,1
ורד גוטמן,1
רונן סקינזיס,1
השפית אלה חורי,1
מסעדת בית תאילנדי,1
חיים ארמון,1
רונית הנגבי - Ketodot,1
עמרי גאנדלמן,1
בשיתוף האוניברסיטה העברית,1
הילה מלר,1
ליעד בראון,1
יותם גוטמן,1
אורי ברקת,1
עודד טלמור,1
"ד""ר אליהו בורוכוב ורנה מנדלסון",1
איתן בולוקן,1
באדיבות מסעדת דיטה,1
עזרא דרוקר,1
יהודית קול-ענבר,1
יסה קולארס,1
"פרופ' עידו שולט וד""ר מנחם פישר",1
טוני אנג'י,1
משורר בשטח |,1
יעל גלעד,1
איציק תג'ר,1
דזירה איבקווה,1
גל פלדמן,1
לאלו מוראד,1
רחלי קרוט,1
גיל מושקוביץ,1
שרון מור,1
גדכגדגדכד,1
חולו יוסף,1
משפחת ערמוני ורני רמות,1
גיא לפידות,1
טל ניגון קוליקובסקי,1
הדס מרזל,1
רג'ינה שראמבלינג,1
יוסי ערפי / ניו יורק טיימס,1
טלי ריסיס-ברוידא,1
שף ויקטור גלוגר,1
זיו יונתן,1
קרן אלקלעי־גוט,1
"בן שלו
שמיעה סלקטיבית",1
ליידי הויק,1
דניאל שמיל צילום: אמיר לוי,1
"ענת ג'ורג'י וליאור דטל
איור: עדי עמנואל",1
קונסטן מיהו,1
יוסף קומם,1
ישראל גרשוני,1
נעם בן מאיר,1
אורלי פלאי-ברונשטיין ושי לי ליפא,1
קתרין פורטר,1
אסיה אלדמע,1
רן סלבין,1
מסעדת בתיה,1
גלעד ריי,1
عميرة هس,1
קלייר ספיץ / ניו יורק טיימס,1
פריז,1
קונדיטור ביקב תשבי,1
"אור זק""ש",1
עופר ינקוביץ,1
נדיה ולדס,1
רבקה רטקליף ונוואון סירדפובדול,1
אקירה אקוטו/ניק מונטגומרי,1
פרופ' עמוס קורצ'ין וזאב שרף,1
עמיחי חסון,1
יבגני קוגן,1
שייקה גלעד,1
מחמוד אבּו רג'בּ,1
גיל רפאל,1
עינה ארדל,1
אינגבורג בכמן,1
אסתר פלד,1
יאיר אלדן,1
דבורה גל-ביטום,1
אורי לביא,1
עופר גל שף פטסרי,1
ויליאם רוברט ספנסר,1
צלמי הארץ,1
נאז דראביאן,1
דלית סרברניק,1
עופר חן,1
לאה נריה / נעמי לשם,1
מאיר ברבי,1
נעה באסל ושיא ברבי,1
ערן רובינפלד,1
ניב שמשון,1
משורר בשטח | אילן ברקוביץ',1
גבריאלה בריינר,1
באדיבות השף גיל גלר,1
עירד מלכין,1
אלכס קרוואר / ניו יורק טיימס,1
קובי כץ,1
מור בנדק ופרופ' טליה מירון־שץ,1
תמי עמיר,1
אשר אלביין,1
דוד אדלר וברוך פלח,1
נעם גיל,1
מורן לילה,1
באדיבות דודו אוטמזגין,1
מיכאיל גרובמן,1
אביבית כהן,1
מסעדת אינדירה,1
זהר שמואלי,1
גיל רוזן,1
מיקי קרצמן,1
"ולנו אין את הפריבילגיה הזו. מתלכדים סביב הפטריוטיזם""",1
אמנדה קפלן,1
נתן אודנהיימר,1
בעילום שם,1
עדן אביטבוֹל,1
תום ברטוב/אדוה בולה,1
תרצה אורן ושמעון רדליך,1
מרטין קמיליירי,1
גילדת הכתבנים,1
רונית מטלון,1
אדר כהן,1
רות פרל בהריר,1
ניקולס קריסטוף,1
רות קרא־איוונוב קניאל,1
אוהד מעוז,1
אופיר וידבסקי,1
קובי,1
פרהאד מאנג'ו,1
מאיה לביא,1
סטודיו ושות,1
דני בר און,1
מרדכי קטן,1
זוהר אורבך,1
חוסאם עבאס,1
רזיה בן גוריון,1
"מתוך הספר ""ביסים"" - ממטבחה של בשלנית של הילה קריב",1
הדס תורג'מן,1
גבע ששון ודורון נשרי,1
ברק חורש,1
אשר כהן,1
"שליח ""הארץ"" למונדיאל הנשים",1
אברהם פוקס ומתנאל פוקס,1
תחיה דב,1
יאיר בר־קול,1
אליאס בורק,1
שפית  אורחת,1
יפתח צפריר,1
יהושע (ג'וש) בריינר ודיאא חאג' יחיא,1
"אופיר חובב/לביא ליפשיץ ז""ל",1
סטפן גלדייה,1
דלית ואילן בר,1
אלכסנדר בלוק,1
נועם ישעיהו,1
אריק ווקיל,1
אלי שוורץ,1
טל מעוז זינגרמן,1
אמיל אוחיון,1
סאוולי אלדר,1
ברוף רפיק,1
"שליחת ""הארץ"" לקייב",1
באדיבות השף משה לוי ממסעדת בר גיורא,1
מטולה,1
מישל שי וקסלר,1
חנן שפטריק,1
לירון און,1
עמרם אהרוני,1
גיא ארבל,1
פני הארץ,1
בנימין שטייניץ ויצחק קאופמן,1
ניתאי שנאן,1
עוזי ארד,1
ראובן בונפיל,1
עומר שוברט,1
עמר זרניצקי-דרומי,1
ויטל האוזמן,1
איתמר תאודור,1
סוזן שפונגן / ניו יורק טיימס,1
תמר זנדברג,1
"ד""ר אלון לבקוביץ",1
פיליס גלזר,1
נדב חג'ג',1
פיני גורליק,1
רותי ארד,1
אריק סולטן,1
השף עומרי שחר,1
דנה הרמן,1
דיוויד מרקזה,1
יאיר כספי,1
אור שרף,1
קרן קדוש וענבר בודנר,1
איתי הכהן,1
שלומי חתוכה,1
פרץ סגל וחיים ארמון,1
יותם אחיאסף,1
ענבל מנור,1
יאיר דברת,1
יובל חן,1
יוסף שרון,1
שולי וימר,1
גיא גמזון,1
ענת רפפורט,1
יהושע פרנקל,1
פרשת השבוע | יהודית רותם,1
קמיע סמית,1
איתיאל קריספין,1
רחל גץ סלומון,1
מיה הוד רן,1
מסעדת גיליס,1
נביל אהו,1
ירון בן־נאה,1
מיכל בוטון ואנה שפירו,1
גליה דור,1
רוני דיסנצ'יק,1
יוסי סוויד,1
צחק כהן,1
עדה זבידוב,1
עיסאווי פריג',1
מיה משל,1
פרנץ לידז,1
שף ליאון אלקלעי,1
אריאל רוזנטל,1
דוד מגרדזה,1
פיטר איוויס,1
צוות גלובל,1
נעם חדד,1
ערן פריבמן וארי שועלי,1
יואש פלדש,1
מיכאל ליאני,1
ניצה פרילוק,1
"ד""ר ארנון גילן",1
פקה קיטומקי,1
"עופיר חובב/לביא ליפשיץ ז""ל",1
נורית קנטי,1
דני פוקס,1
ויסלבה שימבורסקה,1
"נאור: ""המכה שקיבלנו גרמה להקשחת הלב",1
דליה הרץ,1
ירון שנלר,1
יורם אמיר,1
יהודה באואר,1
שף פאלאס-דיור מוגן,1
אביגדור פלדמן,1
דוד גדג',1
טל קוגמן,1
מסעדת קיטון,1
אבי שקרל/ בליני,1
מולי מגריסו ואריק דרחני,1
עלי סלאגל/ ניו יורק טיימס,1
באדיבות השף ברק שי חורש לטרה,1
עמירה ביידר,1
האינסגראם ל חשיפה/ליבה,1
אסנת לוברני,1
נירה כהן ועידן קדם,1
ג'רי קופר,1
ברוך בן יגאל ונאווה רביבו,1
אלי ויינשטיין,1
בוסטון פיש & גריל,1
"מסעדת ""המטבח של ישראל""",1
נחמן שי,1
שפית קונדיטורית אורחת,1
זהבה גלאון,1
רחל אשרי,1
אריה אינגבר,1
קאי צ'ון,1
סתיו פלטי־נגב,1
יום טוב לוי,1
טובה מרכוס וטליה מירון-שץ,1
מוטי מילרוד ודודו בכר,1
דייב המנחם,1
דידייה בן לולו,1
דוד מאיירס,1
צבי טריגר,1
מנחם בן,1
ויליאם ג'יי ברוד,1
אבשלום זהר סל,1
אחמד (חמודי) עוקלה,1
יהודה שנהב־שהרבני,1
מאיר אלאלוף,1
יונה סידרר,1
אושרת אלמליח,1
עידית פוזנר,1
ברוריה,1
נדב מרום,1
עמוס רודנר,1
הראל פרימק,1
שירה שכטר,1
יוסף שחם,1
שאול אלברטון,1
פז רוטנברג,1
פיטר הומל,1
עקעקע,1
ירון לונדון,1
עמית רפאל צורן,1
שמרית גולדברג-צפדיה,1
איתי שטרית,1
מסעדת בליני,1
מיכאל עומר,1
ימימה עברון,1
בן האברד וגולסין הרמאן,1
תם קרין,1
שפית-קונדיטורית אפרת ריכטר,1
סוניה פאו,1
והתחושות,1
השף אלרן בוזגלו,1
מור דרעי,1
ליהי אגמי,1
איילת הרמתי מזרחי,1
ערן ברין,1
ברוקס בארנס,1
שי דורון,1
דורין ליזר,1
רוני וייס,1
דויד טאניס,1
סטודיו ושות',1
יובל נוב,1
קתרין איינהורן,1
שף איתן מזרחי,1
אמל עוראבי,1
בילי קולינס,1
כתב וצילם: אריק וגנר,1
מוחמד קאזמוז,1
ויליאם קרלוס ויליאמס,1
"ד""ר אלי גזלה",1
לאיה אבריל,1
נועה פרז,1
נתן וסרמן ויגאל בלוך,1
אילי ירון לוי,1
השף אריק פורת,1
שחף הבר,1
"ד""ר לירון ליבמן",1
סביונה מאנה,1
אבידֹב ליפסקר,1
תומר שור ליבפלד ואברהם סלע,1
חביב משה ויומי לוי,1
רב חנוך גולדברג,1
נועה לוי,1
ארז בן סימון,1
פרידנסרייך הונדרטווסר,1
מוסא ג'ליל,1
גיא הורוביץ,1
גבריאל הרמן,1
אסנת בן דב,1
דורן מעיין,1
"שליח ""הארץ"" לניו יורק",1
זהר שביט,1
ניו יורק טיימס / מליסה קלארק,1
בעז מונק,1
"ד""ר גילי דדון רווה",1
ויקה טרחובסקה,1
אורן בלומנפלד,1
נאראם זבידת,1
"מלון ""רות רימונים"" בצפת",1
אלון גרינברג מ- OCEAN,1
שמיל הולנד,1
רותי אדר,1
נעמה קליימן/ יועד בר-נוי,1
שירה,1
ניר עברון,1
אמירה נתנוב,1
תהיה לרוחם של המתים?,1
המתכון באדיבות מסעדת רדיו רוסקו,1
יוסי שטרית ודוד אלמקייס,1
עודד מנדא לוי,1
אורח,1
אנטולי קורמנייב,1
יותם קורן וספורט הארץ,1
חיים באר וחיים וייס,1
אליהו הרשקוביץ,1
פמלה פול,1
מסעדת הדגים בעין - גב,1
עלי קדם,1
עמנואל אלבז-פלפס,1
יעל אברבוך,1
רבקה דייויס אובריאן וטיילור רובינסון,1
צבי גילת,1
איתי אלמוג,1
ורד בן יקיר,1
הירו קודמה,1
יועד בר-נוי,1
נסים אמזלג,1
אמנון גופר,1
דור וגנר וגיא סלע,1
שף פטיסייר אורח,1
לאורה קפל,1
יוסי א.,1
גיל וייסבלאי,1
בן לוי ושלמה מורגן,1
רייצ'ל אן היל,1
גדעון לוי ואלכס ליבק,1
ישר כמאל,1
חגי בועז,1
ישראל איסי דורון ויעל ישי,1
כותבי הארץ,1
רויטרס ואי־פי,1
עדינה הופמן ופיטר קול,1
רואן סלימן,1
יובל ארז,1
איילת הירשמן,1
גדעון בן-נון,1
שף: קולין גילון ממלון דניאל בהרצליה,1
איתן ישי,1
מיטל רוה מידלבוס,1
מתיו פטרמן,1
קרין אלדאה,1
עדיתיה אזולאי,1
תמר אדלר,1
מייק ורקנוב,1
אבל אנחנו מתכננים את עיצוב הפנים כדי לשמר כמה שיותר את האווירה בשונצינו,1
צורית אור,1
השף אריק ג'ינו,1
חנן איבושיץ,1
מיכל ריזל ומיכל ארמון־ברק,1
דפנה קרפל ואפרת שושן,1
עמוס בריזון,1
אריאנה מלמד,1
קרן בן נשר וסיגל חדד,1
יורי סלע,1
נטלי דודזון,1
לאה נריה,1
אלון אלטרס,1
אבנר הדס,1
אברהם סוחר,1
דניאלה טל (וולטש),1
רותם איזק,1
אלי ביתאן,1
מיכאל פרסיקו וקרן דוידוביץ,1
חיים אגמי,1
פיט וולס,1
עודד בלבן,1
ניזאר קבאני,1
אלי בבאג'ני,1
ברית יעקבי,1
רוני מרו,1
אורן זוסמן,1
רועי אגאי,1
שירה הומינר,1
לורן דגן עמוס,1
אסתי בן־דוד,1
אוהד זלצר זובידה,1
אור זק״שׁ,1
שי דובלרו,1
ירון קלנר,1
איתן דומני,1
"מקסי בלום (סא""ל מיל') ומיה בר־הלל",1
אלקס ריף,1
אדם דביר,1
טלי קונס,1
לפחות בשלב הראשון,1
עודד לרר,1
איתן אקווה,1
דייויד א.פהרת'ולד וצ'ארלי סאבאג',1
קורין אביסדריס,1
דניאל יונס,1
לי אזולאי,1
דניאל צ׳צ׳יק,1
יוליה שוורצמן,1
פרופ' עודד היילברונר,1
יפתח דותן,1
אהרון נדיר,1
טובה בארי,1
תמי חסקלברג,1
רפי אהרונוביץ’,1
עמיר האוז,1
ערן סיבול,1
טל ניב,1
אלכסנדר זרצקי ואבי לוי,1
שהירה שלבי ואמנון בארי סוליציאנו,1
יובל בן עמי,1
מיכל מיכאלי,1
עופר שטאובר,1
דודי שרון,1
דניאלה ספקטור/מאיר כהן,1
הם לקחו אחריות. זה היה קריטי ומאוד תרפויטי,1
חאמד אלעזיז וג'זמין אולואה,1
קרן זלץ,1
תום ברטוב/אדווה בול,1
בן נתן,1
הכדור לא עגול,1
שארל בודלר,1
שף גילי בן משה,1
חוסאם ונשאת עבאס,1
צבי בר-נר,1
ניל בר,1
שהירה שלבי,1
רפי ליפקין,1
ענת קרייטר,1
באדיבות חברת נוברטיס,1
מוטי גולני,1
סוראיה רוברטס,1
חייל נפצע בינוני,1
איתמר זוהר,1
00000193-4954-dcb4-a993-ffdfd28f0000,1
מאיה ערד,1
רן אדמוני,1
קתרין בנהולדניו,1
ספי ליפקין ויוסי נינוה,1
דור ונגר וטל ברדוגו,1
סולי פרודום,1
נגה שטיינר,1
חיים דורצ'ין,1
רבקה שיפמן כתבן,1
ענבל אורפז,1
מליסה אדי,1
הירוקו טבוצ'י / ניו יורק טיימס,1
רוסלה יונת ואמיר פורת,1
זוהר בר און,1
אנדרו קרמר וקרלוטה גול,1
באדיבות טאטי לחם,1
יונה קיטאי,1
מתי נור סלע ויוסי בן ארי,1
יניב זך,1
"ד""ר עדן פוגל",1
אלכסה וייבל,1
איתן בוגנים,1
נוגה פרנסיס,1
"טל ז""ק",1
עמר פלד,1
מארק ונהונקר/ניו יורק טימס,1
אברהם אלישמע,1
עמית רז,1
קונדיטוריית רולדין,1
יפעת ראובן ודניאל שמיל,1
אילה פרוקצ'יה,1
אילנה הבר,1
דליה יחיאל,1
עדי פרץ,1
שף עדי אבו,1
אופיר רוזנבוים,1
שמעון שתיל,1
דב שוורץ ואבריאל בר־לבב,1
שף אסף דוקטור,1
אוהד קויתי,1
שיר ראובן ותומר אפלבאום,1
ברנדט סלומוביק,1
"ד""ר אבנר שיפטן",1
אביעד טל,1
חביב דאוד,1
סווטלנה ויינברד,1
מיטל נגר,1
מירב מארודי,1
אלי צבר ואיילין לואי,1
יעקב ישראל דה האן,1
ג'ני היירינן,1
ייצור ושיווק מוצרי בשר,1
אבי אלון,1
מיקי ניר,1
שחף ארז,1
שמואל מגן,1
ליאור ג,1
גיל גן מור,1
באדיבות משה אהובי,1
עוצם עין אחת,1
הארץ וניו יורק טיימס,1
ג'לאל א־דין רומי,1
הגר שחטר,1
לוקאס וייז,1
לילה גראבלי,1
אייזיק נמרוד,1
אנטי הירי,1
יוסי אמיתי,1
עלמה ססלר פסטרנק,1
נואל איליין,1
באדיבות מיקי קפלן,1
השפית: סימה ממסעדת נונה,1
רועי שניידר,1
נגה כהן,1
מוג'יב מאשאל והארי קומאר,1
יהושע סימון,1
עזריאל ווייס,1
דוד יהונתן גרינברג,1
אסיף צחר,1
מוטי לרנר,1
אפרית חמיאל,1
גדעון אבני,1
שי פורסטנברג,1
מלנה ריזיק,1
אשר הירשברג,1
"ד""ר אלון לבקוביץ'",1
יורם הרפז ונמרוד אלוני,1
ילי שנר,1
יובל אצילי,1
צמרת לוי־דפני,1
זיו,1
פרופ' אריה קצוביץ,1
פלוני אלמוני,1
יצחק קלימן,1
לוי אבן-חביב,1
שני אליאסי,1
רוזי שאפ,1
אנדרו פרן,1
ירדן אילון,1
ואפשר למצוא אותו בסרטי צ'רלי צ'פלין,1
יורם ורטה,1
שרה הורניק,1
גיא טשקנט,1
טליה דיסקין,1
איתמר הנדלמן סמית,1
סטפן לייק,1
מיכל חביביאן,1
חנה טרגן,1
חדוה הדר,1
השף עומר מילר,1
חיים היימס-עזרא ואלכסנדר זרצקי,1
שף מיכאל גרטופסקי,1
מייקל שיר,1
דוד תניס,1
ג'ומאנה חדאד,1
רון לינק,1
פאלאק פאטל וכריסטינה מוראלס,1
גל גולץ,1
יערה ברק,1
אריקה סולומון,1
מרגו לסקי,1
גל גונץ,1
"נועה לימונה
הורה נבוכים",1
דליה זילברשטיין,1
זיאד עבאס,1
עכבר העיר | צילום: אורית וחי רונן,1
שמעון דהן,1
דוד לאור,1
אסף קניאל,1
השף רועי טל,1
באדיבות לחם טאטי,1
שף אביבית פריאל אביחי,1
יעל אורי ארנשטיין,1
איציק פינשטיין,1
עדי ליבנה לוגר,1
רוני טפר,1
יוסי וראובן גיליס,1
גבריאל קרטר,1
איתי שניר,1
אורן גירון,1
נחמה ליבסקינד,1
יהושע (ג'וש) בריינר ויסמין בכריה,1
בנימין בן־צדוק,1
נעה שחם,1
באדיבות סוגת,1
קים רווה,1
יהושע (ג'וש) בריינר) ודיאא חאג' יחיא,1
נדין באדשה,1
תום נבון,1
"יוסי לנגוצקי (אל""מ במיל')",1
דורותה ביאלס,1
תמי ורדי,1
דן עמיר,1
שי ונאווה משולם,1
אבירם מזרה,1
דקלה סיון חיון,1
אסף גאם הכהן,1
הדס פלד,1
גדעון אלעזר,1
עופר ורדי,1
יונת רוטמן,1
"""באגסי ביסטרו בר""",1
Valeriya Safronova,1
ישי דרור,1
דן אילת,1
אבי יהודאי,1
יצחק מסינג,1
ישראל אורון,1
הקונדיטורית מירי ארזי,1
אוריאל בריזון,1
וראייטי,1
מלים רעות | אסף סעדון,1
עמיר לוליאן,1
יצחק לבטוב,1
כזיב שני,1
אהרן ברק,1
יאיר בן-דוד,1
אפרת נחושתאי,1
דן לאור,1
שמעון שגיא,1
אליען לזובסקי,1
גדעון סאמט,1
"שף מלון ""רימונים אילת """,1
מסעדת דיאלנא,1
יוגב ירוס' A; TURJ,1
חיים כצמן,1
דן הנדל  צילומים: מעיין אליקים,1
ג'ו קוסקארלי,1
און דהן,1
גיא ראביד,1
אביטל בורג,1
מוטי לוכים,1
אדם קלר,1
מוטי חי,1
אופה אורחת,1
עמוס רן,1
אלכסנדרה אלטר,1
ניר ויימן,1
מרתה סטיוארט,1
אמיר שולר,1
בשלנים אורחים,1
נתן וסרמן ויורם כהן,1
מגי הברמן,1
עודד רגב ופרופ' אביגדור שנאן,1
קונדיטוריית עוגות בן עמי,1
השפית: ליאת בלילטי ממסעדת לילוש,1
שף ובעלים של מסעדת 'כרמא' שבעין כרם,1
"ד""ר גל שגיא",1
טליה פין גלר,1
ברוך בן יגאל,1
הורים למען האקלים,1
אופיר קדם,1
טובה מרקוס,1
עידו בסוק,1
מישקה בן־דוד,1
פרופ' ורדה סוסקולני ופרופ' ליטל קינן בוקר,1
השף חן אוחנונה,1
דליה נאור,1
רות הכהן־פינצ'ובר,1
איי-פי ורויטרס,1
מיה בר-הלל,1
באדיבות השף סיון צפריר ממצפה הימים,1
איתמר כהן,1
אריק גלסקו,1
מוטי גלברט | סיפור,1
יוני ג'יימס,1
עמית ניקל,1
רענן ריין ופבלו מנדס שיף,1
אלה נובק,1
גדעון טיקוצקי,1
אנדרו לפין,1
אורנה אגמון ואלה שיין,1
הרצל מקוב ורחלי זיגלר,1
רינת צמח לוי,1
עמליה אייל,1
מיכאל ארלנגר,1
השף גילי בן משה,1
טל סוחמי ואלעד דגן,1
הילה יבניאלי-בוכריס ומאיר סויסה,1
איטלקיה בתחנה,1
אורית רונן,1
נינה סגל,1
חיים וינטראוב,1
בן סימן טוב,1
"חיים לוינסון
צייצת מטכ""ל",1
יוליה ניקנקין | צילומים: מוטי מילרוד ותומר אפלבאום,1
לאה,1
ארז כגנוביץ,1
עלי סלאגל,1
"באדיבות הקונדיטורית מירי ארזי מרשת ""מתוקה""",1
רבקה רוזנבלט,1
אגרון טופה,1
מאת נירה רוסו,1
רוני קשמין | צילומים: תומר אפלבאום,1
"לרשת ""SPICES כלים וטעמים""",1
אורנית עובדיה,1
ביל מגווייר,1
גרטרוד סטיין,1
אריאל סרי־לוי,1
ענת וקנין אפלבאום,1
גיל כהן מגן,1
עלי סלייגל,1
טלי תדהר,1
مراسلو هآرتس,1
לירן בלו,1
אביב סגרון,1
יצחק גרינברג,1
טובה מרכוס וחגית שגיא,1
שלום שיטרית,1
מינו נגרין,1
"ד""ר חנה אייזלר",1
אחמד אל־מַלִכּ,1
רחל חלפי,1
David Tanis,1
בנו של רב העיר צפת מופקד על הנצחת משתתפי המסיבה,1
קובי לוריא,1
שי גורטלר,1
בר מוסטקי,1
כתבי,1
רינה פושקרנה למסעדת טנדורי,1
דן מנור,1
אלמה מכנס קז,1
דידיר בן לולו,1
ליאור גליצאנו,1
יהודית אורבך,1
באדיבות השף ניר צוק,1
"ד""ר דבורה וייסמן",1
דורון מעיין,1
קורניי צ'וקובסקי,1
מילי פרטירי,1
חן מענית | עדכונים שוטפים,1
אדם גבאט,1
דנה רגב,1
ערן אדומי וריקה קידן,1
רונית קלדרון,1
סלין אברהמי,1
הנס ברטלה וקרין גורן,1
סתיו פורגס,1
לימור פרומרמן,1
איתי אריכא,1
וילהלם מולר,1
עמיחי גיל ומשפחת אתמרי,1
רותי חשמונאי,1
אניבאר גילמור־פיק,1
טל שמור,1
שף צ'רלי פדידה,1
יונתן רגבי,1
חנין מג'אדלה,1
מולי ומיכל,1
באדיבות השף נועם דקרס ממסעדת ברקרולה-ביסטרו בר,1
דרור ברן,1
אבא של נ',1
אמיר תדמור,1
רונן זיידל,1
שף־קונדיטור אורח,1
יותם כהן,1
"שב''חית
עמירה הס",1
באדיבות מסעדת לחם יין,1
שי לי ואריאלה,1
שועי רז,1
השף יגאל יגאלי,1
נואל דה ליאו,1
באדיבות השף סהר רפאל ממסעדת כרמים במושב סגולה,1
באדיבות שף קונדיטור אורן בקר,1
רונית כהן-זמורה,1
נעמה תורן,1
רותי ברודו,1
אברהם הלר,1
עידן צבעוני,1
אהרן צ'חנובר,1
נאור אזובל ורוני קשמין,1
אורן רביד מסטואה,1
אפי בראון,1
שירה מירון,1
ינון נאמן,1
מיכאל מנקין,1
מתוך הספר A Week in Lesbos של עדי שטראוס ויונתן רושפלד,1
דורית נוי שרב,1
השף ברק חי חורש לטרה,1
מיכאל זכים,1
ערן הראל ממלון הילטון ירושלים,1
אסתר מאיר,1
מעיין נדיר ויאור עשור,1
דני יתום,1
יונתן קושניר,1
בן דרור מתן,1
לאה לב,1
עמיקם מרבך,1
דליה מרקס ומירון ח. איזקסון,1
מיכל וידרא דנגור ומיה ענר,1
איתי ברקאי,1
הדס שבת נדיר,1
אילן אסייג ומוטי מילרוד,1
זאב ב. בגין,1
יניב מטלס,1
רביב מרחב,1
נועה ליברמן-פלשקס,1
אריק מרטי,1
השף דיוויד לוי ממסעדת אוונגרד,1
עמירה איתיאל,1
מירב האן,1
"""פיית העוגיות""",1
מירה אפרתי,1
רפאל רואה,1
סטיבן קליין,1
יהודה שגב,1
יחזקאל לזר ונורית ארליך,1
אלון צ'סלר,1
ירדן צור,1
מליסה קלרק / ניו יורק טיימס,1
דן ערמון,1
ברק היימן,1
קייל ביוקאנן,1
"שליח הארץ בארה""ב",1
שדגשדג,1
איתן ונונו ונעמה שטרנליכט,1
מירה איתן,1
הדסה טל ואסף סעדון,1
בן תדהר,1
הילה פלדות,1
רוני ריבלין,1
אילן ויטנברג,1
פרופ' שמואל ליימן־ווילציג,1
עידן שגב,1
חיים שלו,1
גדי מינץ ותלמה וולינסקי,1
השף: דיוויד לוי ממסעדת אוונגרד,1
ישי רוזן צבי,1
חיים בנימיני,1
טרנסג'נדר בן 19,1
ספי בן דור,1
אמיר חרש,1
טלי תמיר,1
שלמה פפירבלט,1
באדיבות גולדי ועדי,1
כפיר משה מועלם,1
אסף בוזגלו,1
"שליח ""הארץ"" לדנבר",1
פרדרג פינצי,1
"נעמה מורל
מג'ונדרות",1
כריס באקלי,1
ביתא פיצה,1
איימי טארה קוך,1
גידי סיון,1
רבקה פפלר/ניו יורק טיימס,1
ג'ייסון הורוביץ / ניו יורק טיימס,1
באדיבות השף קונדיטור עמר זרניצקי דרומי,1
דן אשבל,1
יונה קיטאי־כהן,1
צילום: אוליבייה פיטוסי,1
רקה בורדה | סיפור,1
ענת זיביל,1
באדיבות ארז שבו,1
"נתנאל שלומוביץ
מג'ונדרות",1
אנדרו רות',1
"ד""ר נטע אלון שליב וד""ר לילך מלצקי",1
לייב בלוג,1
אוסיפ מנדלשטם,1
רינת צדוק ואורי שפט,1
סטיבן רייכלין,1
ד-פ-א והארץ,1
רון סוריאנו,1
"המתכון של אבנר לסקין מתוך הספר ""לחמים ומאפים ביתיים""",1
אושר סניור,1
שי גרטלר,1
זיו ורות גולדברג,1
מישלב מסאלחה,1
השף רונן פילוסוף,1
כפיר כהן,1
יגאל אפרתי,1
יונתן בורוביץ',1
סרינה יעקובסון,1
אוהב מור,1
דריה אטמנוב,1
ליאת באומן,1
קינן ראובני,1
טאטי לחם,1
אמיר מרקוביץ,1
"חנה בר""ג ויריב נוימן",1
רות אוליבר ומיכל מוזס,1
מקס בלכר,1
חביב משה,1
יואל לסין,1
תומי שדה ואלכסנדר זרצקי,1
סאוסן זהר,1
דני ועירית גרוס,1
גדגככדג,1
אסתר חיות,1
הקונדיטור רן בן דוד לרשת קפה גרג,1
אודיה רוזנק,1
שמואל שנהר,1
בן דרור נתן,1
עמנואל רוזנצוויג,1
גלעד רייך,1
באדיבות אורן בקר,1
ניסים אמר,1
גדעון וויל,1
רות בקי־קולודני,1
אבי אביטן,1
טסט,1
דורית ויסמן,1
"עמירה הס
שב""חית",1
מריו לוי,1
ניר אליאב ודן יהב,1
דניאל בן סימון,1
"""ידע הבשרים""",1
אלרן בוגזלו,1
אמיר אדר,1
אורי ארליך,1
נועה מלמד,1
איתי רון,1
המתכון באדיבות השף קולין גילון ממלון שיזן,1
נדב יהלומי,1
סלע נופר,1
באדיבות השף קובי פרסול - הרדוף,1
קייל ביוקנן וקרוליין טומפקינס,1
אילנה דותן,1
מירב מרודי,1
עומר ילין,1
נמרוד מנקובסקי,1
נועם לבנה,1
דיוויד טייניס,1
ג'וח'א אלחארת'י,1
מסעדת מוברשם,1
מכתבים למערכת מוסף הארץ,1
ירון חיון,1
מורן זגה,1
ליאת בלוך ושֹשֹוֹנה יובֵל,1
פזית קידר,1
עדי ליבנה־לוגר,1
גבריאל בריינר,1
ניר גונטז,1
באדיבות שף דודו כהן - מלון דניאל הרצליה,1
זיסר וקמה,1
איתן קליסקי,1
אליזבטה פובולדו וג'ייסון הורוביץ,1
"מסעדת ""אמא""",1
מירב אהרון גוטמן,1
שף הדס פרנקל,1
הדיינר של גוצ'ה,1
אור גולן,1
קייטרינג טל ושני,1
זהר גרינברג,1
אלי שמואלי,1
באדיבות השף יצחק פיינשטיין ממסעדת אל גאוצ'ו,1
אדם מילר,1
דרור זאבי,1
טל תמיר,1
נעמי אבליוביץ,1
ליאורה שאלתיאל־הרפז,1
דארן אינקורבייה,1
ענב אזגורי,1
ניר חסון ורוואן סילמאן,1
מאיה רביב,1
סול,1
אדי ועדי רון,1
"יובל טבול ועו""ד אלעד מן",1
צ'יילן יגינסו / ניו יורק טיימס,1
איתמר רבינוביץ',1
אסתר סולומון,1
גיל כנס,1
עוזי מלמד,1
לידי הוק? Lidey Heuck,1
יצחק סקיזדה,1
דן הנדל,1
רועי אורן,1
ניבה לב־אל,1
משפחות צור,1
ראובן (רובי) ריבלין,1
מיקה שמעונוב,1
משה כהן,1
יעל געתון,1
שרה ג'מפל,1
יגאל בן נון,1
ישראל דליות ואלה זיידנברג,1
אילן פריש,1
עמי ויטאלי,1
"אל""מ במיל' ד""ר לירון ליבמן",1
חסוס חימנס,1
עדנה כצנלסון,1
אסי מזרחי,1
ממסעדת אדורה,1
"ד""ר משה שלו",1
יופי תירוש,1
אילה ארוך,1
מתכון של הקונדיטור לירן גרודה מנפוליאון פטיסרי ביפו,1
ניר צוק ובני סיידא,1
נעמה גרינבאום ואהרן רבינוביץ,1
שף עלאא סויטאת,1
טוביה מצר,1
עלי יסיף,1
מאיר דנון וליאור שטייגמן,1
יעל דיין,1
"ב""ז קדר",1
אלכס פפדמאס,1
ליאן זמיר,1
המתכון באדיבות יד מרדכי,1
מת'יו צ'אנס ומיק קרבר,1
חנה אייזלר,1
יאן קינֶה,1
מארק סנטורה,1
אייל דותן,1
אביחי מנדלבליט,1
אדם דש/גלעד בר שלו,1
הלל תווקולי,1
גיא נחמד שטרן,1
מיטל סייג,1
פרופ' אהרון פרימרמן,1
מסעדת אלי אולי,1
דרור דביר,1
אמילי דיקינסון,1
"או בספר השירה ""הפסיכיאטור האלקטרוני שלי"" מאת דוד אבידן",1
שף אמילי גולדברג,1
גליה לימור-שגיב,1
לאורה קפל/ניו יורק טיימס,1
ברוך רפיח,1
אורי דור,1
ליאור ויעל ושלום קינן,1
שאול וכשטוק,1
יגאל קיפניס,1
ישראל נורליאן,1
אוהד אוחיון,1
הוד אורקיבי,1
יונתן קפלן,1
יצחק כהן ואלון ריבק,1
תגובות,1
יפתח סופרין,1
באדיבות השף צ'רלי פדידה,1
אפרת דביר,1
"ד""ר אנדי בן ארצי ופרופ' יהודה ל. ורנר",1
אמילי ויינשטיין / ניו יורק טיימס,1
באדיבות מסעדת גרקו,1
ת.ש.ט.,1
הלה שנהב,1
באדיבות קפה הסטריטס,1
"היו 'זר לא יבין זאת'""",1
באדיבות השף יניב גור אריה,1
נחום פריידקס,1
משה לוי,1
רועי ענתבי,1
עמית ליברמן,1
גילי כהן,1
למא שחדה,1
השף של תנובה השף הלבן,1
פיטר לוי,1
דשגשדג,1
מסעדת גדרה 26,1
אייל רדושיצקי,1
עמוס הראל ויניב קובוביץ,1
מיכה פופר,1
ברוף רפיק/יאיר בק׳,1
נילי בן שימול,1
השתלטות המכונה על האדם היא נושא רלוונטי לימינו,1
"ד""ר אברהם פרנק",1
סת' קוגל,1
שף אלרן גולדשטיין,1
לני אלוורז,1
מאפיית לחמים,1
גליה סדן,1
שף קונדיטורית: אסתר רוט,1
דויד קצין,1
ביאטריס הרפז,1
מיכל צ'ודנר,1
ליטל ארזי,1
עריכת הפרויקט: אבנר שפירא,1
שף אביב משה,1
השף גונטר בידרמן,1
דב ויטנברג,1
דורותי פרקר,1
אורי שפט ורינת צדוק,1
דוד אשכר,1
השומרים,1
גדכדכגדג,1
"ו""ה אודן ואדריאן ריץ'",1
יצהל ברנר,1
וילי סטיילי,1
רועי קורן ושחר עג'מי נבון,1
השף: אורי וקסלר ממסעדת מימה,1
אבי גינסברג,1
מסעדת קנקון,1
"יצחק קאופמן וד""ר (מינהל עסקים) יהודה שנהב",1
אנה,1
יהודית קול ענבר,1
לילית רמם,1
חגי לרנר,1
השף אלכסנדר פלסקוב,1
קפי שילבי,1
"ד""ר יוסי מרגונינסקי",1
גיל ליטמן,1
אלי זייבר ואיילין לואי,1
אסי לוי,1
תמר סגרי,1
עדי טרקאי,1
יואב ארטשיק,1
יותם וקס,1
שף לירן גבאי,1
אביחי לוי,1
דורון צור,1
יעקב צ. מאיר,1
יהודית ראובני,1
אידית פדידה,1
"מתוך הספר ""מתכון בטוח""",1
אודי כסיף,1
שאול ליברמן,1
מלני שטרן,1
דוד שליט,1
איתמר בן גביר,1
יוסי ארפי / ניו יורק טיימס,1
איתן ויתקון,1
"ד""ר רוני שנקר וד""ר ינון שנקר",1
גלעד,1
"ד""ר מילכה דונחין",1
חנוך שכטר ודן ארוואץ,1
"ד""ר מנחם פישר ועמיחי גיל",1
הילה מלנר,1
מוחמד עבד אל קאדר,1
בל קפצן,1
עומר בן גל,1
כרמית הררי,1
טלי חרותי־סובר,1
"צלמי ""הארץ""",1
אשר רייך,1
סם סיפטון,1
שבאו בערב שמחת תורה לרקוד ולשתות. האם ההנצחה שמתישהו תתחולל בחניון רעים,1
אסף גלזר,1
צ'רלס בוקובסקי,1
רפיק ג'ברין,1
יצחק אפשטיין,1
אביתר טרון,1
נועם פעיל,1
גדכדגדכ,1
יהושע בן נון,1
יובל לבבי,1
משה דוד,1
ניצן רז,1
נחום נוימן,1
רועי תבור,1
חיה קלור,1
גילי עופר ביאלר,1
גילה ברגיל,1
פֶּלֶג שֶׁיְנֶע חַיָּה בּוּנִים רַיְזְבֵּרְג,1
סהר שלו,1
"טלי ריסיס-ברוידא // מכתבים מחו""ל",1
סימון ולדמן,1
דנה אריאלי,1
"ד""ר ניצה ירום",1
יואל קנטור/גלעד בר שלו/אדם דש,1
אבנר אפנדוביץ',1
ערן נפתלי,1
ברוך רפיק,1
בראנט סלומוביק,1
שמואל כוכבי,1
ליברל,1
דוכן האוכל העיראקי,1
עידן חורי,1
"רות סירקיס מתוך הספר: ""מהמטבח בקלי קלות""",1
ואדים בלומין,1
אריה אזולאי,1
"עו""ד יסמין נחום",1
נאור אזובל ורוני קשמין | צילומים: תומר אפלבאום,1
פתיתים,1
בן האברד וגולסין הרמאן / ניו יורק טיימס,1
אילן וינטנברג,1
קלייר מוזס,1
זינב שאה,1
שגיב מלול,1
אריא קסטלנובו,1
חיליק מגנוס,1
מנולה דרגיס,1
שף יואב בר,1
שמעון וינשטיין,1
רבסון קונדווה,1
דוד שונברג,1
ארז תורג'מן,1
ג'ואן נייתן,1
מאיה וינברג,1
הדרה לוין ארדי,1
אילן שיפרין ואליהו בורוכוב,1
יוסי קליין,1
עמירם גיל,1
אמיר אורן,1
ד' ועזרא פימנטל,1
וידאו: שירה שכטר | צילומים: הדס פרוש,1
מיכל מור מלמד,1
יעקב רוזן קניגסבוך,1
רחל בן־צבי,1
אוליבייה פיטוסי,1
נועה אצילי,1
רוית דנינו,1
תאמר נפאר,1
אלכס סולוסקי,1
ברוך ציז,1
גוני סירוטה,1
קווין ווייטלו,1
דייויד טאניס,1
רויטרס וניו יורק טיימס,1
קובי מידן,1
ענר שלו,1
רחל אדטו,1
אדם גבאט / גרדיאן,1
הדר צור,1
פולאמי פרסקוט-אדמס,1
קסמונה בת אסמאעיל,1
קנדה,1
ג'ונתן מואנס,1
אורי זר אביב,1
דניאלה רנמר,1
"שליח ""הארץ"" לגרמניה",1
עפרה בנג'ו,1
יוסי רזי,1
אייל דיין,1
ענת זוסמן,1
עדי דברת־מזריץ,1
שף אליאב גולדנברג,1
אבי זינגר,1
נועה שורק,1
מתוך ספר העוגיות של מרתה סטיוארט,1
יורה ואן ברגן,1
אסתי אולשינסקי,1
אבשלום אביטל,1
יאיר חוצב וגבי איתן,1
אנמיק גרינגולד,1
חולוד אדריס,1
קונדיטוריית חטאים מתוקים,1
דייוויד סנגר,1
נדיה זלדס,1
נוית בראל,1
חיה פיק,1
"באדיבות ""אידלסון 10""",1
רועי גנצ’ולה,1
אסף גברון,1
هآرتس,1
המתכון מבית אמא של הגולשת אספרגוס ולקוח מפורום המטבח של איה,1
מיכל אנסקי,1
אלון שדות,1
זהר אופז ליפסקי,1
ארתור מיידז'יז'צקי,1
אבי גלזרמן,1
עופר ברנע,1
מיכאל קגזנוב,1
אורלי גל,1
נעם לוי,1
אביעד הומינר־רוזנבלום,1
רעיה הרניק,1
בן ציון ציטרין,1
ניר גור אריה,1
זהר סבירסקי,1
עמיחי גיל ואילן פריש,1
ישראל פנקס,1
גד שמרון,1
ג'ונתן סוואן,1
מור אלקנווה,1
ורדי כהנא,1
עפרי רהב,1
"ברק אליהו וד""ר יהודה שנהב",1
אורלי פלאי ברונשטיין ואבי שטייניץ,1
יואב לומברוזו,1
"צבי מזא""ה",1
גלי דנה זינגר,1
"ד""ר ישעיהו שלזינגר",1
חגי אגמון שניר,1
גיל פולק ונעם שעיה,1
אדוה בולה,1
איתי חיימוביץ',1
רלי פנחס,1
ענבל בן־אשר גיטלר,1
רות קרא,1
עז תלם,1
אלון לבקוביץ,1
גונט דורעם,1
דוד אסף,1
ננסי גרובס,1
באדיבות יהלומה לוי,1
יואל אלפרט,1
דניאל רוגוב,1
מארק ביטמן / ניו יורק טיימס,1
נדבי נוקד,1
"א""א מילן",1
דניס אוברביי,1
שירות הארץ,1
רון בן אשר,1
שף אלדד שם טוב,1
אהרן מגד,1
אוולין אורן ויעל שטאובר,1
המתכון באדיבות זמן אמיתי,1
עידו אסולין,1
"באדיבות  ד""ר רני פולק",1
רויטרס ואי-פי,1
רובי ברמן,1
מאמון פאעור,1
השף אד לוגסי,1
איתי הרגיל,1
פרופ' מיכאל מאיר,1
ומנעה התעניינות באחרים. בעולם מנסים לייצר איזון בין הצדדים,1
סמי תמימי,1
"ריקה קידן וד""ר יעקב ג'פרי גרין",1
אלמוג שלף,1
חגי לוין,1
משה בן־שאול,1
משי קורן,1
שך אורח,1
שחף שבתאי,1
מייגן ספסייה,1
"תיאטרון תמונע: ""אין לי ברירה. אנחנו התיאטרון היחיד שמשלם שכר דירה. המעבר לשכונת ביצרון הוא נקודה כואבת",1
דניאל רולינדק,1
נעמה קליין,1
גלעד בר שץ,1
השף רונן דברת בלוך,1
נעמי לשם,1
עדי ברקוביץ,1
ישראל פלג,1
טג'אל ראו,1
אריק קים / ניו יורק טיימס,1
יצחק מלמד,1
המתכון של רות אוליבר,1
דורון שולצינר,1
אדם זיו,1
זאב קולר,1
בלהה רובינשטיין,1
דיוויד סטברו,1
ספיר כהן,1
אושרית בירוַדקֶר,1
יריד האוכל של דיזנגוף סנטר.,1
נחמה רוזנצווייג,1
ישראל הראל,1
דין אריאל,1
עירא ענר,1
נועם יעקבא,1
שחר עג'מי נבון,1
קובי יזראלביץ',1
פאטי חיניץ',1
אור בר שלום,1
יהודית ליברמן,1
אורי ניצן,1
מור אלנקווה,1
ברק מדינה,1
צילומים: אוהד קב,1
לימור גילת,1
ג'מאל שרואל,1
יצחק הרצוג,1
ישראל יצחק,1
"פרופ' שאולי לב־רן וד""ר נעם ישראלי",1
שיר חכם,1
אמירה המלט,1
יובל עזרתי,1
דוד סילורה,1
יונתן שמריז,1
אורלי אפללו-קמיל,1
פרי קלאס,1
גיא גזמו,1
לירון גרייף,1
מירב ראובני,1
ג'יימס פוניווזיק,1
"פרופ'  יהודה ל. ורנר וד""ר מנשה רייכמן",1
פיני לוי,1
תום ברטוב,1
פוטו ישראל,1
"כתבי ""ספורט הארץ:",1
יהודה פלקוביץ,1
"השף עדו שפירא ממסעדת ""קטלית""",1
מליסה קלארק/ניו יורק טיימס,1
קרן בן נשר,1
טמפל בר,1
אריאל גינזבורג,1
בן ציון טלפוס,1
חן מענית ויעל פרידסון,1
מסעדת מזטי,1
רותי רוסו,1
אליזבטה פובולדו,1
"השף גיא פרץ לסדרת ""קוסקוס זה משפחה חמה""",1
"ד""ר אביב יחזקאל",1
שיר אגסי,1
פאלאק פאטל (וכריסטינה מוראלס),1
"דר נופר וד""ר פרץ סגל",1
דניאלה פלד,1
נעם שפירא,1
דוד טלמור,1
דני שור,1
איציק קדוש,1
אהוד רייס ועמוס לויתן,1
יונתן לוי,1
אבנר לסקין,1
פולה כהן,1
רחל טל שיר,1
יניב דוידזון,1
עומר קפלן,1
נועם דקרס,1
באדיבות ישראל שביט,1
יצחק זמיר,1
רינה עבודי,1
ניקי קיצנטוניס,1
ליאור גבע,1
"באדיבות בן עמי ברתיני שביט מתוך הספר ""מתוק מהחיים""",1
אדם רצון,1
שלמה אפרתי,1
זיגפריד ששון,1
עמית אהרנסון ויהונתן כהן,1
"הדר חזן
מג'ונדרות",1
אסף שרון,1
גפי אמיר,1
מסעדת חיים נלו,1
אלכסנדר זרצקי ושי בת ה-11,1
בועז לביא,1
אמיר כוכבי,1
בנימין הרשב,1
"ד""ר איתי עדין",1
יעל נחושתאי,1
ששון גבע ומיכאל פרסיקו,1
עומר,1
תום טליתמן זוטא,1
חיים הנדוורקר | צילומים: אוהד קב,1
מאי גולדשטיין,1
אורי רפפורט,1
שף אילן בן דוד,1
אמיליה פרוני,1
דן פרץ,1
מיכאל הנדלזלץ,1
יוכי עשבי,1
סנאית גיסיס,1
אורי הדר,1
אריק שנק,1
הדסה בן הרצל,1
אורית אבוהב,1
אייל לנדסמן/מיה ענר,1
חיים קפלן,1
דינה פורת וגיא רז,1
קורין,1
אפרים חמיאל,1
ערן ישראל,1
ליבי שקד,1
בני פירסט,1
טל פרנקל אלרואי,1
עמית אמסלם,1
יהודה ריינהרץ,1
נדז' שטכמן,1
שף ברוך דחש,1
אלכס קואדרוס,1
הדס וסער בדש,1
אלון הוטר,1
יהודית קול־ענבר,1
משה בסון,1
יורם ניסינוביץ,1
ברידג'ט גולדברג,1
יעל פריש,1
כרמלה רים ור. גרונר,1
אמירה אור,1
הקונדיטור בן עמי ברתיני שביט,1
ברוך גליק,1
נירה רוסו וריקי שדה-רווה,1
נאיפה מולא,1
נטע פלג,1
נדב,1
שלומי גרינבלט וכרמלה רים,1
שטפן מאכר,1
סמי כהן,1
שרון מימון,1
"ארה""ב",1
יהודית שרייבר,1
גיאורג טראקל,1
יוסי זוהר,1
קליי ריזן,1
מקס פרננד,1
אמילי ויינסטין / ניו יורק טיימס,1
רינת גולדברג,1
"המתכון מתוך הספר ""מבשלים 2"" של חיים כהן ואלי לנדאו",1
פרופ' יורם הרפז,1
ססססס,1
אביב לרנר,1
אלכס לבנטל,1
יעל מעין,1
דוד נאו בוחבוט,1
ארי פטר,1
מיקי זוארץ,1
יוסי מרט,1
אונדין קוהיין,1
עילי תדמור,1
מאיה פלמון,1
ושינגטון פוסט,1
יורם בנימין,1
ספור,1
י. א. יהודה,1
מאירה קורנברג,1
טאריק פאנג'ה,1
זהבה פישר,1
אביחי אורן,1
שף אדיר כהן,1
מגי הברמן וג'ונתן סוואן,1
אורה פלטיאל,1
יצחק הרץ,1
ויטלי פּוֹרְטְניקוב,1
גלית נגה בנאי,1
רון פרץ,1
נעם דותן,1
אקירה אקוטו וניק מונטגומרי,1
סטנלי ברקן,1
מרק ונהונקר / ניו יורק טיימס,1
ליאורה שכטר,1
אורי מור מלאך,1
אמיר לרנר,1
צבי יקותיאל,1
דניאל‏ אופיר,1
אייל וינטר,1
רפאל בוכניק-חן,1
ראסל זקס,1
סוף אלון,1
דור פזואלו,1
"ד""ר דניאל גוטליב",1
אלכסיס סולוסקי,1
השף דוחול ספדי,1
איציק מאנגר,1
אדם נגורני,1
עיה מורג,1
סוזן שפונגן,1
בנימין שטייניץ,1
תומס הולקרופט,1
מנפרד וינקלר,1
עפר גמר,1
מיכאל הררי,1
אנדי בן ארצי,1
דניאלה אורון וג'וליה מוסקין,1
ברלין,1
נעמי חשמונאי,1
עלאא מוסא,1
איתי בר יוסף,1
לאונרדס גוטאוסקס,1
אלי שוהם,1
דן מישייקר,1
מחלבות גד,1
דוד רוסקיס,1
אליזבט איגן,1
השפית טלי פרידמן,1
ניצן מכליס,1
"דוד אגמון וד""ר אבנר פלק",1
תומר רענן,1
אתי גודינגר,1
"מתוך הספר ""מטבח וינאי""",1
מסעדת לופנודלס,1
תמר סתר,1
גיא בז'ור,1
דויד רוס,1
אופיר דור,1
נורית גלזר־חודיק,1
יהודה הכט,1
"גילי טמיר: ""מפיקי הנובה אמרו: אנחנו הבאנו אתכם לשם",1
השפית בל קפצן,1
יוסי יונה,1
גוידו גוצאנו,1
יענקל'ה תורג'מן,1
השף קים נווה,1
טל אלסטר,1
רונית הראל,1
נטי לוי,1
השף חיים אסולין,1
ענר בן רפאל,1
"אזרח נהרג מפגיעת טיל נ""ט באזור קיבוץ אדמית",1
עדי קסלסי-וואי,1
עורכת מוסף הגאווה,1
איקה כהן,1
יניב לוזון,1
דדי כהן,1
מחטיפי נוגט של Sally Williams,1
זמי שרייבר ממסעדת סנדר,1
עידו שמחוני,1
שירה נאות ואור קשתי,1
גיל הררי,1
חיים שמואלי,1
"ד""ר ישראל ברזלי",1
אביחי צור,1
יצחק כהון,1
פרופ' חגי לוין,1
שרון דרעי,1
באדיבות אסף בוזגלו,1
ליאורה ברזניאק,1
גור גולן,1
המתכון באדיבות מיקי שמו מ-SHEMO קונדיטוריה,1
מיתוס גריל בר,1
דור ונגר ועידו שגב,1
דני כהן,1
עתליה עין מור,1
צביקי עשת ואליאב גולדברג,1
שירה סלטון,1
ג'ייק קויל,1
המתכון באדיבות ביסטרו בר אדלה,1
שלי אלקיים,1
רן שמעוני | צילום: הדס פרוש,1
אבנר מלכוב,1
אורית מורן מיריד האוכל של דיזנגוף סנטר,1
יעקב מרגולין,1
ניט,1
פאר פרידמן,1
מיכל ריזל ופרופ' יעקב אלבוים,1
0000018d-a882-d0cb-a5ef-bbae8e2e0000,1
שף איתי שלו,1
דוד בכר,1
אורן עמית,1
אי-פי ורויטרס,1
ארנה קזין,1
מישל רבל,1
אמירה הס,1
TheMarker Online,1
גדכגדכד,1
=,1
דניאל טריגובוף,1
אמנון שמוש,1
צבי דוביצקי,1
השף תומר בטיטו,1
מוריאל קאליש,1
רן שמעוני וניו יורק טיימס,1
יוסי ערפי/ ניו יורק טיימס,1
אלכס בן ארי,1
פרסי ביש שלי,1
מאיר שלו,1
שירה חפר,1
"השף הנריק שלמודין ממסעדת ""פורטבלו""",1
אפרת ליכטנשטט,1
עודד פרייליך,1
ראובן גל,1
ארז לסקר,1
"פני הארץ
צפרי רינת",1
אלחי סלומון,1
ישראל שביט,1
פיניאס רוקרט,1
עכבר העיר | צילום: נעם וגל תמיר,1
טלי שאול,1
דקלה ברק,1
נאור אזובל,1
השף ניר נדב,1
רימון כשר,1
שרון אשל אלוני ומוניקה תיבון,1
שכנים,1
תל אביב,1
נ.ש.,1
שוק האוכל דיזנגוף סנטר,1
חולֶקֶט — אוּרי קרין,1
"ד""ר ישראל אורון",1
חואנה דה איברבורו,1
מנחה נופה,1
בארי סייג מלחם טאטי,1
יעל ישי,1
אלה שיין ואורנה אגמון,1
נורית גרץ,1
רתם איזק,1
השפית אדלינה גודפלד והשף רושדי דקוואר,1
יונתן טלמון,1
"יוסי קנר וד""ר נירה פלדמן",1
גדי בור,1
הוגו לינדגרן,1
סמדר הורוביץ קרן,1
סמאול סאידה,1
מירי רוזובסקי,1
"עופיר חובבץלביא ליפשיץ ז""ל",1
השף אילן ניב,1
ניסיון לא לאפרב,1
אלכס מיסולובין,1
גלעד בר שלו/אדם דש,1
ג'ק טמיסי,1
ריכב (בוני) רובין,1
"המתכון מתוך הספר ""בישול זה סיפור""  דינה גנץ (עמוד 60)",1
גלי פאילקוב,1
בלומברג וניו יורק טיימס,1
ניקול קראוס,1
אסף בלינדר,1
עופר נלו,1
איתן טיתקון,1
"איילת לטוביץ' ממסעדת ""Beta caffe""",1
רועי חנין,1
אריאל חיימוביץ',1
עדי חן,1
זיו שלף,1
שני כהן,1
באדיבות הקונדיטור יניב ברהום,1
שף ניצן רז,1
דריה אלכסנדרובה,1
ירון שלו,1
מיכל ריזל,1
שף רועי ענתבי,1
מידן גיל אדוש,1
"באדיבות מחלבות ""גבינות השומרון""",1
בניטה לנצר,1
ג'יימי אוליבר,1
הטי לוי מקינון,1
באדיבות שף אמיר שולר,1
ערן ביק,1
גד הרן,1
עבדו אלארג',1
רדא ענבוסי,1
ג'רי ג'קסון,1
חיים פרי,1
גיל נוה,1
יוסף ליבנה,1
רבקה איילון ורינה בשן,1
אדיר כהן,1
תמר שמש,1
"צילומים בשדרות: נעמה גרינבאום
צילומים בקרית שמונה: רמי שלוש",1
רבקה מרים,1
"ד""ר יעל אבסירה",1
רועי מרכוס,1
שמעון לוי,1
גרשון פדו,1
גכדדגכדג,1
אבה הנסן,1
זהרית שייחי,1
און הלפרן,1
דניאל כהן שגיא,1
עמית סגל,1
ירדן אלון,1
"בר שובל - ""הבוחשת בעוגות""- אתר יאמי",1
אלכסנדר אוצ'יטל,1
אמילי טמקין,1
יואב אשכנזי,1
ריקי יצחק,1
איתן דקל,1
ברונו שולץ,1
ישראל שֶׁק,1
ניקול טיילור,1
"ד""ר אבנר ברנע",1
טליה מירון-שץ,1
"ש""י סקונדה ותומר גזית",1
באדיבות השפית אילה ארוך,1
עדה יונת,1
אסף אואולנגי,1
מרים וינטר ואילון סוסק,1
רני רמות,1
מיקי אדלסבורג וחן אדלסבורג,1
תחת השמש עפרי אילני,1
ואנחנו נעזור לכם עכשיו. אף שהיה להם רישיון לאירוע והם עשו הכל כחוק,1
אסנת רוט,1
איילון עמיר,1
שאול משעל,1
"עו""ד רונן טל ושוקי רז",1
עכבר כלבו.,1
מוחמד אבו פאני,1
דן לאור ואלי שוורץ,1
עופר וקנין,1
אורי אסף,1
אבי קיי,1
לירון בונאנו,1
אלכס מרשל,1
צילום: אייל טואג,1
רימה אולברה,1
אלי אטיאס,1
ברוך רוזן,1
אמנון בארי סוליציאנו,1
נריה שפירא,1
קרן קולטון,1
דן ליאור,1
עקיבא אלדר,1
יעקב רוזן־קניגסבוך,1
נועה דרוקר,1
אירמה קזר,1
רונה ולש,1
ערן פלג,1
רבקה רוס,1
רזי ברקאי,1
יוסי בן דיין,1
ניקולה ויזרי,1
שירן שורק,1
ג'ניה יורקובסקי,1
רוני דורי,1
רויטל מזובר,1
יואל רק,1
יאן גיצלטר וקירה קלצקי,1
רחלי זיגלר ופרופ' יונה תדיר,1
"מלון פסטורל: ""כרגע צריך בעיקר אמונה שההסכם יחזיק מעמד. אני מעריכה שייקח לנו בין שלושה שבועות לחודש לחזור לעבודה רגילה. אופטימיות היא שם המשחק""",1
קווין ווייטלו / בלומברג,1
תום טליטמן,1
זיו יצחקי,1
יוסי קוגלר,1
אמילי פליישייקר / ניו יורק טיימס,1
רונית לומברוזו,1
דינה בן יהודה,1
שף מלון ישרוטל המלך שלמה,1
איליין לואי,1
יואל בוטביניק,1
יהושע (שוקי) קרמר,1
דנה עדיקא,1
רוני רייך,1
צרויה שלו,1
"הכתב הדיפלומטי של ""הארץ""",1
באדיבות קרין גורן לסוגת,1
אשיפה קסם וג'וזפינה סלומון,1
ירדן מיכאלי ואבי שרף,1
תום שפירא,1
"כתבי"" הארץ""",1
דנית ביתן,1
דוד קלאטיס,1
סמי ברדוגו,1
ניבה וייס,1
המתכון באדיבות רבקה רוזנבלט ממסעדת צימעס,1
אריק גולנסקי,1
קימל,1
הארץ מחוץ לארץ,1
ליה שורץ,1
איליה יפימוביץ,1
ליסה לרר וקייטי גלוק,1
אלה ברק,1
עדו בן הרוש,1
שי ונאווה שילה,1
דור זגורי,1
נועם יעקב,1
שף אידי ישראלוביץ',1
אורי אוחנה,1
חיים ויצמן,1
אסנת גרתי,1
זמירה פורן,1
קיפי בן קיפוד,1
מאט פיז'דרובסקי,1
"הכתבת הדיפלומטית של ""הארץ""",1
חוה ניסנבוים,1
אורי זילברמן,1
האינסגראם של חשיפה,1
נועה לארה מאיר,1
"ד""ר יעקב ניר וד""ר יאיר ברק",1
עדנה הראל פישר,1
עופר גולדפרב,1
שלומית ג'ונסון,1
נוגה תמוז,1
רות שוסטר,1
אשר שחם,1
דניאלה ספקטור ומאיר כהן,1
אריה קורצוויל,1
עמוס בר,1
תקוה צור,1
"מתכונאית הבלוג ""פיית העוגיות""",1
דורון תלמי,1
נדב הולנדר,1
מורן ינאי,1
בנימין וורצברגר,1
עומר לב,1
מיכל גוברין,1
"מסעדת ""בליני""",1
מיכל שפירא,1
הנרי וודסוורת' לונגפלו,1
מרשת קונדיטוריות SHEMO,1
דן אלבו,1
מרסל פרוסט,1
יותם אוטולנגי,1
"כתבי ""הארץ"" ו-TheMarker",1
"אופיר חובב
מג'ונדרות",1
צילומים: אוליבייה פיטוסי,1
אודיה ואברהם פרייזן,1
יוני שגיא ואלון גולדרינג,1
יגאל נוימן,1
לידי יוק (Lidey Heuck),1
אמונה אֵלון,1
עמרי בן יהודה,1
סמדר שפי,1
השף אבי ביטון,1
איריס שפירא ילון,1
עמליה אביטל,1
ויולה גורן,1
מארק טרייסי,1
נועה וייס,1
אנתוני סלייטר,1
תמונה | יונתן הירשפלד,1
ג'ק ניקאס,1
שחר דקל,1
משה שוקד,1
תום פוגל,1
יורם נסלבסקי,1
סוזי סולומון,1
ירוחם,1
בילאל שביר,1
עמליה עפרת,1
ננה אריאל,1
אושרי אוחיון,1
סיגל אבין | סיפור,1
שאול טשרניחובסקי,1
ענבר הרוש גיטי,1
תנובה,1
יגאל כרמון,1
לירן גורדון,1
ספורט הארץ | איורים: דורון פלם,1
באדיבות הסינית האדומה,1
יעקב שכטר,1
קארין נויבורגר טויטו,1
רפאל אגם,1
חיליק אפרים,1
אסנת שוק,1
אברהם בורג,1
אלון רכס ברוקשטיין,1
אשכול נבו,1
אבי בן דויד (איוו),1
שמואל בונה,1
אלין מקוי,1
אליחי וידל,1
פרופ' יהודה ל. ורנר,1
אורלי פלאי-ברונשטיין ואוריה גבע,1
אמיתי,1
באדיבות השף חיים כהן,1
צילומים: גיל אליהו ורמי שלוש,1
קונדיטורית אורח,1
אורן דניאלי,1
אהוד פזי,1
צ'רלס סימיק,1
הראל פרימק ויובל כהן,1
ג'ייקוב וויטהד,1
בלדי,1
ההה,1
אריה דובנוב,1
מוריס מונייר,1
אסף מיזלס,1
עינת אלעזרי,1
זוזו חנא,1
שלומי עקיבא,1
עודד ידעיה,1
ויליאם באטלר ייטס,1
סיון מאירי,1
באדיבות קונדיטוריית בן עמי,1
שרון אוריאלי,1
סַפְּפוֹ,1
.,1
דור בן־ארי,1
נילי גולד,1
אבי ביצור,1
אקיקו בן צבי,1
באדיבות אבי כחל,1
אוריה כנף,1
"מיכאל ארלנגר וד""ר טוביה ציזנר",1
ירדן חיים,1
ענבל מלכה,1
השף גולן גורפינקל,1
יסה קולארט,1
אריאל גינסברג,1
אלעזר בניועץ,1
נאוה צוקרמן,1
אבל היה רלוונטי גם במהפכה התעשייתית,1
באדיבות השף אסי לוי למסעדת ויינברג,1
ניצה קרן וסבתא טוני,1
יוסי ברנע,1
אילן ינון,1
עומר אברהם,1
סאודמיני ג'איין,1
"באדיבות גלעד מאירי ואורי שעשוע מתוך ""ספר הפויקה""",1
עמוס גבירץ וירדנה מרון,1
גליה שנברג,1
ברק אליהו ואלכסנדר זרצקי,1
דן דרין,1
השף אבי שטייניץ,1
ליאון אלקלעי,1
Roy שוקולד,1
דייוויד טניס,1
"שליח ""הארץ"" ללונדון",1
דנה סטרלינג,1
ורה ויידנבאך,1
רות אשל,1
פרופ' עידו שולט,1
פול מנדס־פלור,1
עוזי פלד,1
מלנית גל,1
ויקה טרקבסקה,1
רפי רותם,1
באדיבות מסעדת bariba,1
נשאת עבאס,1
אוריאל שכטר,1
גיל ישועה,1
"ד""ר עמית קמה",1
"ד""ר יעקב ניר",1
דאיבה צ'פאוסקאיטה,1
עופרה לייט,1
שלמה נקדימון,1
רחל שליטא,1
סופיה קואליה,1
רן פרי ועמוס גבירץ,1
מיכל מנדלסון,1
חיים שיף,1
מוס חן,1
אור זקש,1
ולרי מיכאלובסקי,1
קונדיטור ובעלים של מאפיית פיס אוף קייק,1
שף מאיר דנון,1
"ד""ר אלי גזלה ואלכסנדר זרצקי",1
אורו שמיר,1
משה דוידי,1
דניאל צ׳צ׳יק/רז סמירה,1
שף קונדיטורית TURJ,1
מיכאל נ. והדי בן־עמר,1
צילומים: רמי שלוש,1
פול צלאן,1
איציק ליסמן ורבקה דר,1
תמיר קרקסון,1
אריקה סולומון וחיבה יזבק,1
יורם לס,1
מירי אורן,1
דרור שושן ובני נקווה,1
שני גולן,1
סמדר שרת,1
מרדכי גלילי,1
משה ורוני בסון,1
מאיה ע. יסעור,1
ליז אלדרמן,1
עדו שטיינברג,1
דודו ביטון,1
המתכון באדיבות רינה בן חמו,1
ירון קסטנבוים,1
שפית-קונדיטורית: אפרת ריכטר ממסעדת כרמים,1
אבנר שפירא,1
עופר דפני,1
אליזבת האריס,1
שף אמיר מרקוביץ,1
טל ויינשל גלבוע,1
כרמלה רים,1
גיורא חמיצר,1
"מתוך הספר ""האוצר של על השולחן""",1
ראובן רוזן ורחלי זיגלר,1
שף חגי אשרף,1
הילה בידרמן,1
שפית גולדברג,1
מורן הנדל,1
סוניה פאו ודלית שיקמן,1
סאלבטורה מסינה/ ניו יורק טיימס,1
ניר סופר־דודק,1
נילי דגני,1
פיונה מקגלין,1
אורי וקסלר,1
יריב מן,1
חלי דנקנר,1
מוחמד עלי טאהא,1
שף טוני אנג'י,1
עומר נחום,1
מור סטולר,1
איתי שחם,1
גבי בן משה,1
רוי לרנר,1
אלי קישוני,1
דורית ברנד וטליה רסנר,1
יפעת גליק,1
ישראל קנוהל,1
רים קסיס,1
"ד""ר גדעון פרי",1
אמיר פורת ויוסלה יונה,1
אלעד נבו,1
אתי נמיר,1
בקי פררה,1
"יוספה שרתיאל ובן־אברהם ש""י",1
עפרה בן ארצי,1
איתמר קרמר,1
שף קונדיטור,1
תומר רונן,1
רוברט פרוסט,1
באדיבות אבי לוי,1
עדן,1
שחר טיבי,1
פרופ' שולמית ולר,1
מסעדת הדסער,1
יוסי בן ארצי,1
רון קרניאל,1
אור כהן,1
איתן קלינסקי,1
לאה מזור,1
כרמה בן יוחנן,1
סאשה מנובצבה,1
מסעדת רפאל,1
שמוליק דוד,1
יעקב כהן,1
רובל ממושה,1
"יאיר פיינברג מחברת ""פיין קוק""",1
"שליח ""הארץ"" לרומניה",1
ע'אזי אבו ג'יאב,1
באדיבות השף עוזי בן,1
ג'מילה אבו כף,1
כריס ויטמן עבד אלכרים,1
חיים לפיד,1
נלי גלבוע,1
כי לקהילת הטראנס יש מאפיין של קהילתיות,1
ירון פז,1
ג'וי הרג'ו,1
י,1
השפית אמילי גולדברג,1
לאה פוקס־הרץ,1
שרה חפרי־אפלל,1
רונן לוי,1
ארנון שמשוני,1
דנה לובינסקי,1
מוטי טיטמן ואור מיכאלי,1
"אורית מורן מקייטרינג ""גורמה בטעם ביתי – biss&cake""",1
מנשה ענזי,1
לייזה פאנלים,1
סיגל דוידי,1
נאוה שפיצר,1
נמרוד אלוני,1
גידי שטיין,1
באדיבות קובי יזראלביץ',1
באדיבות ביסטרו טאטי,1
אורן אלקלעי,1
רפאל באיר,1
שף קונדיטור נועם בבליה,1
שרית נובאק / מיס פטל,1
"ינון ביילין וראשית ב""ר",1
סבסטיאן בן־דניאל,1
יהושע סובול,1
"קייטרינג ""גיל גורמה""",1
השף ירון וינקלר,1
רותם ידלין,1
מסה,1
איילת בוקר-נווה,1
שף אסף מישקובסקי,1
טליה בנימיני,1
"ד""ר נזיה עאסלה",1
רז סלע,1
אורטל גליס־קראון ולוטם ושקד ממן,1
מאור אהרון,1
יאיר ברק,1
באדיבות שף שאול בן אדרת,1
יהושע טייכר,1
אלון גושן גוטשטיין,1
שף יאמה סאן,1
מסעדת סיטרה,1
רן שמואלי וזהר שמואלי,1
חיים רדלמן,1
אבי כראל,1
אורי עגנון,1
בלהקת חיל האוויר חברים 35 נגנים וזמרים שאינם מופיעים יחד אלא מתחלקים לצוותים משתנים שנוסעים להופעות שונות. ההרכב שאנחנו פוגשים בפלמחים מעולם לא הופיע יחד קודם לכן,1
ראובן ג. הכהן,1
אלכס שכטר / ניו יורק טיימס,1
יורם קניוק,1
נמרוד אייזיק,1
רפי שוץ,1
עומר עילואן,1
ניסים לוי,1
לאה גולדברג,1
יגאל בן־נון,1
שמואל בלאו,1
שלומי וריאט,1
חיים לייטר,1
זאב גרינברג,1
קולו הנרי,1
וטביה ג'יולה ונוי פיינר,1
אמתי בר־קול,1
ג'ייסון ביילי,1
נימה אלבגיר,1
יהב ארלבוים ועומרי שחר,1
יעקב מישורי,1
רן דור חי,1
"בסידרה ""מראה שחורה""",1
אלברט סויסה,1
ג'ודי זיידלר,1
המוציא,1
ג'ון פרילס,1
נעמי לבנקרון,1
דאג הלר,1
אברהם (רמי) ריטוב,1
קאלי הולטרמן,1
יובל בורד,1
דליה קלמיאן,1
מיכאל מוסקוביץ,1
ואילון סוסק,1
אסתי מרוה לי־דר,1
אמיל סלמן,1
יעל גרטי,1
השפית שני פרוסמן,1
רות בונדי,1
לילך סיגן,1
ערן צור,1
שטפן גֵאוֹרְגֶה,1
נטע אלכסנדר,1
תומר אביטל,1
השף שגב משה,1
באדיבות שף מחלבת טרה,1
שני הררי,1
ר.ו.,1
רפי אהרונוביץ,1
בנק ישראל,1
ב. ג'. ריצ'רדסון,1
נועה אסטרייכר,1
מיקה,1
ניר חסון וצפריר רינת,1
דניאל רולידר,1
באדיבות אילן חפץ ממסעדת אונו,1
חיים טיבי,1
שף-קונדיטור של רשת אייסברג,1
ענבר גדרון,1
דניאל קרן,1
פסקל סוריו,1
ישראל אהרוני ודנה מלמד,1
דור משה,1
הקונדיטור שמעון לוי,1
איילה גני,1
ברוף רפיק/יאיר ברק,1
השף ג'וש מלקולם מאוליב קופי בר,1
יוסי ערפי,1
נועם כרמון,1
מרים הוד מבית שלום,1
שוש בלומברג,1
אליעזר מזרחי,1
אלדד שם טוב,1
ג'וליאן ברנס ודיוויד סנגר,1
אילן רוברג,1
בהוצאת ידיעות ספרים,1
"באדיבות שומרי משקל מתוך הספר ""אוכלים טוב""",1
השף ואסים קאלבין ממסעדת מול ההר,1
אדם דש // אדם דש,1
יונה וולך,1
"רייצ'ל אן היל מתוך הספר ""בישול רב אנרגיה""",1
בן גידו,1
אלן ברי,1
אלישע גוטויין,1
نوعا باسل و سي بربي,1
"מתכון באדיבות השף עידו לב מרשת בתי הקפה ""אספרסו בר""",1
וושינגטון,1
צביקה בסרמן,1
"ד""ר יעקב שכטר",1
אליעזר שוורץ,1
אמנדה סאאב,1
יוני פנחסוב,1
דור בן ארי,1
שף מלון שרתון תל אביב,1
סוזן מאסטרס,1
השף ישראל אהרוני,1
פרנץ שוברט,1
הדי בן־עמר,1
ניר קידר,1
עראש עזיזי,1
רות טרכטמן,1
יואב חורש,1
צחי חפץ,1
ג'ון יון,1
עלמה כהן ורדי,1
גד קינר קיסינגר,1
מרק ביטמן,1
אלן ארקוש,1
אבי שליסל,1
חמודי איברהים,1
עודד ארנון,1
מי־טל נדלר,1
אליהו הנביא,1
שאול כהן ואלכסנדר זרצקי,1
נעמה בר איתן סדובסקי,1
רן סלוין,1
אלחנן ריינר,1
סוריה,1
עמוס מ.,1
יוסי שפיגל,1
נטע לסקה מזרחי,1
אלעזר נחשוני,1
אלי חביב,1
דימיטרי בוגצ'וק,1
גיל מוזס,1
ארז דוידי,1
עירי כהן,1
עדן שטרן,1
איציק אביר,1
חני הופמן,1
שף שגיב מלול,1
תמר איזנברג,1
ארנון אליצור,1
ג'רל גאי,1
